Gene_Name,P_Value
HIST3H2A,2.630606843467831e-11
LIN7B,0.2384959815887694
LXN,2.305757291765076e-07
SCML1,0.01531204751384152
GSDMD,1.8673260271384606e-07
AKR1C1,6.206318512269604e-05
C3orf62,4.583913925572415e-08
CRISPLD2,3.0412363649645613e-07
DOCK5,4.521505763577238e-06
SLC33A1,4.9116266609416925e-12
GLI1,0.10316599771973678
STK17B,3.0890845437170356e-12
VPS52,0.8055606363451162
HAGHL,0.004459422606641894
CDC37L1,4.9604764740251994e-11
KRT10,4.4941828036826337e-13
AEN,0.5918179227766114
CYHR1,0.00014253035612021847
VWA1,0.001084304825423952
EXOSC9,0.7389573758206106
TNFAIP8L2,8.881784197001252e-15
PFDN2,1.7763568394002505e-14
TCP1,3.553965267974363e-09
ALG9,5.885483223611942e-07
RPS15A,0.9618478594751583
PMEL,0.039015525521861605
SFMBT1,0.645875956795086
CYBA,7.235236054725647e-08
GINS1,1.1100954635085601e-09
GPX3,1.7763568394002505e-15
IPO9,6.860708631977539e-09
SHKBP1,0.03453081197041463
ARHGAP40,0.14601836144972324
ENO3,0.027545164283727885
COX19,4.4254613142058474e-05
LMF1,3.863753761379485e-11
S100P,0.08226751834101265
RDH14,0.017101069545240932
GDE1,1.0451820186219152e-05
LSM14B,3.0020430585864233e-13
TLE2,5.861977570020827e-14
ACOT8,0.14231459792438458
EIF4EBP3,1.4432899320127035e-10
LRP2BP,1.7763568394002505e-15
PELO,2.2601653881793027e-10
CDIPT,0.0002211422351869885
C19orf44,1.0451820186219152e-05
PABPN1,1.757493883758343e-08
NFKBIB,0.0320635128716165
ZWINT,3.552713678800501e-15
DYNLL1,1.7496796758109667e-06
NRXN3,0.0004506016805585489
FYTTD1,9.464115928229098e-08
CAPRIN1,1.370373858833318e-08
AOC3,3.552713678800501e-15
KIFC3,4.2364032282193875e-08
DOCK11,5.329070518200751e-15
NENF,0.07082612042920822
TMEM231,1.859966783257505e-06
DNAH17,0.007129305080006522
DCHS1,9.745764195656648e-08
ZFYVE19,0.00025655038305573007
NTRK1,0.00014903614355255002
CCDC62,0.008848884696840642
WDR53,1.7763568394002505e-15
NLN,5.861977570020827e-14
TBC1D31,7.638334409421077e-14
NOXRED1,0.4963885938865378
ZNF597,3.552713678800501e-15
RNF114,0.0006715891126169993
JOSD2,0.15714035289247086
SFRP2,0.0007261627070427323
PNMA2,8.881784197001252e-15
HENMT1,0.0009149367393188612
STX16,0.00015581408102782746
PTX3,1.859966783257505e-06
BFAR,2.670359481982132e-06
SHROOM3,2.4868995751603507e-14
NUP107,1.2434497875801753e-14
HS6ST1,1.0192735544478637e-11
BRWD3,2.2310435863204248e-06
FGF11,1.7763568394002505e-15
CCDC138,1.2871659293978155e-10
FAM193B,0.0001941578147395262
BATF,7.861200783665367e-05
COL4A2,0.054216182330456775
AGFG2,9.785132704109856e-10
TVP23B,0.0007549339759211904
FBXO42,0.3724861917482851
NBEAL1,4.4254613142058474e-05
BCL6,0.000251529064962952
DNAJC3,2.4721383162784605e-07
C1orf233,0.0031841956112062223
VPS13B,0.8109402812359416
ZMYM3,0.8557483168795788
SEMA3D,0.27798803015155293
ITGB6,4.218847493575595e-12
RBM44,0.0027053239960554976
CEACAM21,1.2434497875801753e-13
ETV6,0.008848884696840642
C1RL,1.2141019567479816e-07
CCDC181,1.8529841432318867e-08
GPN3,0.008085622213709343
RAP1GAP,1.1467804483800137e-10
MAGED2,3.737202715487217e-05
C1orf85,0.002614123910062105
JRKL,6.010637926934237e-06
BHLHE40,0.005236528699732901
SPATA18,3.489741828843762e-10
NTPCR,1.9760169596594324e-05
CBWD3,8.630484972549368e-05
TLDC2,9.468707561843814e-05
C14orf119,0.5462652589115535
GNAI2,1.7763568394002505e-15
MNDA,1.7763568394002505e-15
FCGR2A,1.6058265828178264e-12
REV1,0.1318067775774277
ECH1,0.023585311964122724
ZNF491,4.218847493575595e-12
LRRC24,0.9466061989829431
C1orf109,3.0890845437170356e-12
GMFG,1.7763568394002505e-15
MAGEH1,7.237197507947712e-10
GMFB,1.3054913772236887e-07
APOBEC3G,0.81837027658068
SLC7A2,1.0633089786438177e-06
IQCH,0.3776732059941086
FAM83G,2.3344064459251967e-09
CCNA2,3.552713678800501e-15
PSMC1,1.0642100534141719e-08
TGIF1,0.0001778852638985029
C18orf21,4.878706765687468e-05
CD180,0.07719592312590784
TDRKH,0.4151920088524754
TXNDC15,4.4941828036826337e-13
IPO5,0.0002565277729973594
DGKD,6.3368066349767105e-09
TMPO,4.4941828036826337e-13
LY86,1.9539925233402755e-13
LDOC1,0.13045894629165566
MAD2L1,3.552713678800501e-15
BHMT2,1.370373858833318e-08
BAI1,0.4963885938865378
TOMM70A,1.7763568394002505e-15
MRI1,5.9166993136017254e-05
ARAP1,7.65609797781508e-12
DZIP1,0.10737600575610173
VDAC3,1.8673260271384606e-07
RBM42,2.6885878247284722e-05
ZNF2,0.06930163067169381
ATP8B2,0.0002738644978439453
MMADHC,2.649707155910619e-07
SIK3,5.121092026350027e-05
GOLIM4,0.0007261627070427323
TSHZ2,6.358623311442102e-06
ADAM11,1.507920117660433e-07
SPCS2,0.18125476399734453
SNX18,8.68751901131413e-09
KIF17,3.552713678800501e-15
PARP11,0.10110987171644048
RAB42,0.8618044330490109
ACP6,0.20795951830847592
IL7,4.578190981874286e-08
RBPMS2,7.546860913976161e-09
MTDH,3.128163219123792e-05
MT-CYB,4.8571529021046445e-09
TRIP6,1.367585375788849e-05
CES1,0.15714035289247086
CYSLTR1,7.94031507211912e-13
SH3BGRL,4.440892098500626e-14
TAF15,2.9747345218211763e-05
NPIPA1,0.009964281765361349
DNAJA3,1.616786704516926e-10
TIAF1,0.001654895925714328
KAT5,2.994404724177002e-11
KIAA0895,0.47831983611594175
CHORDC1,1.2871659293978155e-10
TLR10,0.10316599771973678
ELP3,0.01958777690517799
RIOK1,4.257180677571756e-09
HIBCH,0.012931948668784443
OGFOD1,0.00025081441648567817
CSNK1G2,2.36936675790389e-06
ADIPOR2,0.8407540567937097
GNA14,1.7763568394002505e-15
CCDC68,3.552713678800501e-15
ZNF564,4.028586058524297e-06
ANKRD6,3.818192634774675e-05
NDUFS3,0.0002857006608838475
EFCAB4B,0.0004506016805585489
STRN,7.723469384046666e-07
SCARF2,1.849627704721443e-05
C5orf22,6.590283874174929e-13
PTPN2,0.09567919106665758
FBXO45,1.7763568394002505e-15
TOP2B,0.011297271717835438
ZNF16,1.7687185049908294e-11
AMIGO1,2.4868995751603507e-14
PPDPF,0.028280122568276955
ESPN,5.707434524993005e-12
LAPTM4A,2.8132163265581767e-10
KCNK3,1.7763568394002505e-15
PDE2A,1.9539925233402755e-13
TTLL11,6.590283874174929e-13
FBXO38,5.329070518200751e-15
ANKMY1,5.755058915482808e-08
GTF2IRD1,1.7763568394002505e-15
BIRC6,0.00014770720303157898
SEC22A,2.4721383162784605e-07
ZC3H15,1.8529841432318867e-08
DHCR24,7.638334409421077e-14
ZDHHC2,0.0022762251098509267
GLG1,0.00014253035612021847
CBR4,0.7232586770768918
AK3,1.2841054282120012e-06
CNPY3,0.27372721377670217
RELT,0.25889026579005203
HEATR2,5.861977570020827e-14
TSTD2,0.7813934753886187
PRKX,1.5448975432263978e-11
PARD6A,4.878706765687468e-05
FAM89B,0.03048635454688231
RABL2B,4.028586058524297e-06
PFN4,0.00015581408102782746
RPS6KL1,0.6870472223551314
HDAC2,1.7763568394002505e-15
TMEM182,1.7763568394002505e-15
ARNT,3.9920236538648624e-07
CHDH,2.81308842886574e-09
PRRG4,8.87296791773906e-06
UVRAG,9.468707561843814e-05
KCNQ4,0.02302878205095302
SMIM8,0.025500083179634814
MFAP5,0.15430250303892734
DYNC2H1,4.945666454148068e-08
THAP9,0.6596977023333945
C17orf53,3.552713678800501e-15
IST1,9.372738659862989e-06
SLC39A10,4.2525537003056026e-05
ZNF675,0.03626839756300609
MAPK1,0.011200519477185367
TSR2,0.10316599771973678
RIMBP2,0.0007549339759211904
BUB1B,3.552713678800501e-15
CHST10,0.11848533640686121
LCAT,1.34718902700115e-11
AKR1C3,0.0006983914307809869
DAPK3,0.0009149367393188612
SETDB1,1.6198182883897516e-07
SLC6A9,0.25308251223662737
ZNF17,0.056738698656332076
GPR35,0.03996834652842374
C20orf112,0.002896310240339872
AEBP2,3.6148861681795097e-12
ABTB2,0.0007549339759211904
EXOC3L4,0.00015581408102782746
CLEC11A,0.11619549807268115
IL20RB,3.552713678800501e-15
UBQLN4,5.861977570020827e-14
ZFYVE9,6.220717985172541e-08
AGPAT4,3.288899332076767e-05
PSME1,2.670359481982132e-06
SCAMP1,0.00698682929565162
TRAM2,0.01958777690517799
PPP2R1B,0.015428290815446435
INO80E,0.7160933233749613
ATG5,0.002799360749817126
H2AFV,6.465613206262065e-09
ZNF232,0.3222934862214316
KARS,7.546860913976161e-09
NAP1L2,0.652772195247282
ZNF440,0.5852066143769612
C1D,0.4707994763603818
GFER,0.32777522027848605
NFIB,1.7686556243952408e-05
SRC,0.00015581408102782746
EIF4EBP2,1.080529443697742e-09
BANK1,1.7763568394002505e-14
SGSM3,0.21555363079600698
TMEM26,0.0932040847757225
RNASEL,1.7496796758109667e-06
FAM84A,2.3080204414327454e-11
TOMM40L,0.10816671144664093
CEP128,1.7568968502246207e-09
RPP21,2.8132163265581767e-10
CCDC104,4.011462634423424e-05
SLC4A7,0.011200519477185367
SFMBT2,9.372738659862989e-06
FAM189B,1.7763568394002505e-15
SLC36A1,1.0633089786438177e-06
CHI3L2,9.769962616701378e-14
TMEM8A,0.009674503529771172
SLC30A1,0.3422827758111566
DPYSL2,1.7763568394002505e-15
FNDC1,1.0490046520317264e-07
LGALS2,5.951474850718341e-07
ZNF354A,0.06633200503891068
ESM1,0.4490067617286915
FAM179B,2.5552926345540072e-05
SPAG4,4.788532343980023e-06
HRH2,0.010261609457190346
C3orf58,0.001235703558341683
ABT1,0.052989788310034314
TNC,9.154669326077119e-07
ARNTL,0.01330480151673541
KCTD15,3.38235121510877e-06
CARD11,0.037163967421918735
CIDEB,0.8539938814440382
POGLUT1,6.917133532624575e-09
ETS2,3.623269506647375e-08
SIVA1,0.0006569354295550443
ITFG2,0.16001685587048975
C8orf4,5.329070518200751e-15
DLL1,0.6051405400941228
PDDC1,0.4723763440876976
CXADR,5.572207957271758e-07
MIB1,9.154669326077119e-07
ELOVL6,1.4432899320127035e-10
ADAMTS10,8.403119267086367e-08
RHOF,6.758652588986463e-06
APLP1,0.7594325529338448
MOSPD2,3.489741828843762e-10
AMN1,0.009964281765361349
SELENBP1,1.7763568394002505e-15
RSPH9,1.080529443697742e-09
TNFRSF11B,5.951474850718341e-07
PIGU,2.433608869978343e-13
PRELID1,0.174987615360088
NDUFV2,0.9313837099567692
ZNF649,3.2815118516453904e-05
NOSTRIN,1.7763568394002505e-15
WDR91,0.7448958960780061
XKR8,1.859966783257505e-06
RCC1,1.7763568394002505e-15
FAM26F,0.9237813566146151
CERK,0.12799334338745183
TMEM242,0.5272794190915597
MANF,0.00026668205784660925
IFNAR1,0.0005886511736690846
ANXA1,0.34720687274462314
EMC4,0.011680945325845389
ABCA6,5.329070518200751e-15
RAB7L1,0.004283850763258702
CDKN1C,9.979758868183808e-07
KIAA0922,0.007609452352863144
C19orf59,1.7763568394002505e-15
AKAP11,1.8989254613188677e-12
NMRK1,0.0021981232450851707
MRPS5,7.155652345502972e-05
GDPD3,0.0008475708983652908
SMARCD2,3.0854181432005134e-09
SMARCAL1,0.027545164283727885
HELZ2,0.18768390417341507
CD1E,3.8819791825517314e-10
ACR,2.3080204414327454e-11
SLC12A7,0.7376605378038441
SYCE3,3.457260659445183e-05
C12orf49,1.7763568394002505e-15
HOOK3,0.05803543429142444
PLEKHA5,1.859966783257505e-06
SLC35D2,1.2841054282120012e-06
MCAM,5.210085375739284e-07
EIF2B1,3.827824777326313e-06
LRRC8C,7.65609797781508e-12
S100A1,0.006525205201144857
IRF8,3.552713678800501e-15
MX2,0.09567919106665758
CKLF,0.0002409992117797799
FANCB,3.552713678800501e-15
SPP1,1.7763568394002505e-15
CERS5,0.005951765777890864
MKI67,3.552713678800501e-15
IRAK1,1.7763568394002505e-15
DDX59,0.3724861917482851
IL2RA,0.004459422606641894
CELF4,0.6596977023333945
MARCH3,9.468707561843814e-05
ARCN1,0.5726792852744058
CD55,1.7763568394002505e-14
TMEM63C,1.3535839116229909e-12
SSSCA1,1.206143563692308e-06
ILKAP,0.18768390417341507
ATF3,2.0232171493717033e-10
NDUFA12,2.82830745792495e-05
MARK4,9.979758868183808e-07
KIAA1107,6.779583621130086e-05
KLHL26,0.16888071753563239
TSFM,2.4868995751603507e-14
TBC1D23,0.002614123910062105
DHFR,9.521272659185342e-13
MAPK10,4.6469730756726335e-05
CNIH3,0.03205348601661129
PTP4A3,5.374574670646837e-05
MBTPS2,2.414717169016158e-05
PUS1,3.0890845437170356e-12
DDX27,2.2601653881793027e-10
B3GNT1,2.6343371928305714e-12
C4A,1.5448975432263978e-11
C17orf103,8.881784197001252e-15
PIK3R4,8.008242957657785e-10
NOMO3,2.931003305984109e-07
EIF4A2,0.01855822259070905
BMPR2,1.7763568394002505e-15
RNF32,0.0018425334424101436
SMIM13,4.257180677571756e-09
EPHX4,0.0002409992117797799
LNX2,6.917133532624575e-09
PCP4L1,0.055465717070337206
SMCHD1,0.8707939059443142
ACAT2,0.0011051033525024678
ULBP3,3.40367733997482e-11
AGPAT3,0.0011471783973160399
ABCC1,7.65609797781508e-12
CRLF3,0.92471253931355
ZFP14,0.969474172425139
VPS41,0.49032624846387485
CHCHD2,1.6198182883897516e-07
ANO5,1.7763568394002505e-15
RALBP1,0.005758302166270823
HERPUD2,2.191284211150446e-05
ZNF596,0.0006715891126169993
NFU1,0.022436016948996086
MRPL54,2.0232171493717033e-10
DMXL1,1.4432899320127035e-10
ZBTB8A,1.1033688904760197e-05
NFXL1,3.9920236538648624e-07
CTU2,9.040639391599825e-05
NPDC1,5.861977570020827e-14
PPP3R1,1.0654508547103816e-06
FAT2,7.638334409421077e-14
AMMECR1L,0.0061349577332173435
ZFHX2,5.121092026350027e-05
RSRC1,1.3370868913961307e-09
UBE2J1,5.215646012857178e-07
PIP5K1A,0.14333259515310637
PSMA5,1.9341234734833703e-05
CXorf56,0.0005510827602233093
RRP15,2.305757291765076e-07
IL32,2.191284211150446e-05
RPS20,0.11619549807268115
ZBED6,0.5086300594933544
RAD51D,1.3054913772236887e-07
ZNF71,0.2866420365460076
C18orf54,1.34718902700115e-11
RPUSD4,0.0001941578147395262
MRPS7,2.3344064459251967e-09
PRRC2B,0.04944640680060175
LGR4,4.4941828036826337e-13
ANO7,2.3068974657647345e-05
MINOS1,0.1976349682926415
CCDC107,3.40367733997482e-11
DPP9,0.34720687274462314
GPATCH8,0.07580017458236125
MRPS31,0.0002211422351869885
NLGN3,0.0013303578723942167
TNFSF13,3.552713678800501e-15
PLA2G7,0.27372721377670217
ZNF503,0.16293225736063377
RPS17,0.00037631805527393874
ZMIZ2,0.4262959591146398
HSDL2,1.2434497875801753e-14
PSPN,0.0004506016805585489
ST3GAL2,3.7055123414120317e-09
TBC1D4,0.0008161325721396793
ADAR,0.0362699414949752
MTPN,0.04830953815983641
RHBDD3,1.2434497875801753e-13
MTR,0.0035436448551049438
LAMTOR3,0.010424273608071464
RPS10-NUDT3,6.535714192068554e-10
LSMEM1,0.00016651508109337052
TULP4,3.128163219123792e-05
LENG8,0.0010251160635235124
PFDN4,1.7763568394002505e-15
LPAR2,1.7763568394002505e-14
MRPS16,2.022026990289305e-11
C1orf43,0.11171837302823029
CASP3,6.465613206262065e-09
ARSA,0.0005510827602233093
FAM102B,0.0006569354295550443
ENPP2,4.9116266609416925e-12
RHBDF2,3.0412363649645613e-07
LAMTOR4,0.8632650227005474
VTN,1.8989254613188677e-12
KIF5B,5.367254770405339e-06
SYNE4,0.004459422606641894
SNN,0.006131180232502587
ST6GALNAC5,3.552713678800501e-15
CAMKK1,0.08054833435456032
PSMB7,9.07522945681194e-11
UBE2H,0.00015581408102782746
PHF6,4.218847493575595e-12
ERC1,0.9923668279164506
NUDCD1,4.218847493575595e-12
CAPZA2,2.81308842886574e-09
ARHGAP29,8.881784197001252e-15
AGTR1,1.7763568394002505e-15
WDR66,8.403119267086367e-08
RCAN2,9.07522945681194e-11
CLEC4E,1.7763568394002505e-15
SEPN1,2.1002898957789284e-06
SYT3,0.9923668279164506
PEX3,0.09709384967839618
ST14,1.8196420467945707e-09
NPL,0.040940454006349825
CIAPIN1,0.00039864755038721
RBMS3,1.7763568394002505e-15
ZFX,0.5462652589115535
DNAJB1,0.25059205068568424
TRIP11,0.2260100302518655
EIF3E,0.00437329889154991
SDAD1,7.861200783665367e-05
ACVRL1,1.7763568394002505e-15
PLB1,0.008764342896301071
MAP3K4,0.010129538230684954
TARS2,1.6058265828178264e-12
PUS7,5.329070518200751e-15
ZNF132,8.22989321136447e-09
RMI2,3.552713678800501e-15
ZNF516,0.6736344940466168
ZNRD1,1.1645574410579229e-05
IGSF10,5.329070518200751e-15
PCDHGA9,4.578190981874286e-08
MTCH2,3.6770586575585185e-13
FOSB,3.134559278805682e-10
KCNJ14,2.630606843467831e-11
MID2,0.12080975020940343
ZNF177,0.13807290852462017
JPH2,5.897913268881894e-10
CRIP2,3.375077994860476e-14
C16orf58,0.28268176472817985
PALMD,1.5631940186722204e-13
GINM1,9.108834797938868e-08
APOBEC3C,3.457260659445183e-05
PSENEN,0.7160933233749613
CCT4,3.552713678800501e-15
BEND7,1.0490046520317264e-07
CXorf36,1.7763568394002505e-15
CDH26,0.017575449774248852
LRRC46,1.370373858833318e-08
RPL35A,3.918623114884667e-08
C5orf55,0.00021178724761483636
NPRL3,0.04193213473556767
S1PR3,0.9085978224870299
FOXA2,1.1100954635085601e-09
MSI2,3.6770586575585185e-13
RPL21,1.349373327022795e-05
ISLR,0.6596977023333945
TRUB2,4.9116266609416925e-12
EVC,0.0002282785889585992
CEP57L1,5.045213198718438e-05
ENTPD1,3.8876619657334306e-08
EXOSC2,1.6058265828178264e-12
UTP6,6.337863567296154e-11
MT1F,0.5918179227766114
SH3YL1,0.0001802814114632041
SORBS1,1.7763568394002505e-15
MTMR2,5.932900102795352e-05
RAB39A,0.6652274140014423
NOC2L,8.842704346534447e-12
ZNF568,0.49032624846387485
MT-ND1,5.318447904301138e-10
MAP3K7,4.1121386614942094e-08
STEAP1,7.65609797781508e-12
PIK3C2A,2.1246773229677274e-09
LCN2,0.34720687274462314
PNOC,0.5210251168620434
DNM2,1.8094681308866711e-10
CYTH1,1.1727507853720454e-11
FAM195B,5.976585237652229e-05
RNF8,0.0038562301160110506
ALMS1,8.348988640746282e-05
CYP7B1,0.05060520369320898
TRIQK,3.3822118439275073e-09
SLC25A3,0.03453081197041463
P2RX4,8.533587177653933e-06
PPM1A,0.07719592312590784
ACTN1,0.002707701249941214
C15orf61,0.0007549339759211904
CD80,3.8819791825517314e-10
ACTR1A,1.1812325186599061e-09
TRNP1,1.9326371614170057e-09
C9orf66,5.951474850718341e-07
VAV3,0.00021178724761483636
ANKRD54,0.005773517845892141
NEK7,4.440892098500626e-14
RNF4,0.005758302166270823
GRAMD4,0.39349457563481494
ASB6,4.878706765687468e-05
CX3CR1,1.7763568394002505e-15
TPCN2,0.07395602411280144
OTUD7A,0.007129305080006522
AIMP2,2.9291979591968343e-08
KCNQ1,1.2434497875801753e-14
C19orf52,7.151434999741468e-11
CCSER2,5.707434524993005e-12
LITAF,4.440531498062228e-09
NTF3,0.2910353177271219
SLC43A3,4.9604764740251994e-11
INHBA,0.8109402812359416
DDX39B,1.4543591948523726e-06
ZNF436,2.5633326572460646e-09
C22orf26,0.009116960633276605
FH,5.442992326821587e-08
ICAM3,1.0490046520317264e-07
MSANTD1,3.0890845437170356e-12
DGKA,4.4941828036826337e-13
PFDN5,4.945666454148068e-08
PLBD1,5.7295591132679196e-05
TNFAIP1,2.8789331400735218e-05
CCR4,4.028586058524297e-06
CHRAC1,1.9767201369091936e-06
LRRN1,0.13045894629165566
OSBPL1A,0.00010381446904439429
ELL,0.06930163067169381
PDCL,0.0050721514649119115
KHDRBS1,3.134559278805682e-10
KRT6A,1.7763568394002505e-15
CCDC91,1.2288898243895119e-05
SMTNL2,4.3148595807451784e-10
GINS4,8.881784197001252e-15
BMF,0.9389922173111831
BMP7,4.9604764740251994e-11
CPQ,4.440892098500626e-14
MRPL30,1.7491373731582586e-08
CXCL3,1.7687185049908294e-11
TMEM66,5.329070518200751e-15
TACC2,7.235236054725647e-08
C2orf49,1.2841054282120012e-06
RSU1,5.707434524993005e-12
OTOF,0.7521534307154649
C19orf60,0.4262959591146398
EXOSC6,0.011200519477185367
UBE2F,0.004606102327862516
AVIL,0.22231487615329293
LRRC4B,8.970399534291573e-09
RASSF5,1.8094681308866711e-10
PPP3CA,0.0005473291513336113
APOL6,1.2349767731596106e-08
HNRNPUL2,0.07719592312590784
KANSL3,3.0412363649645613e-07
DAPK1,8.855280952957401e-10
LAMA5,0.0027053239960554976
PTPRF,7.638334409421077e-14
ATP1A3,0.2260100302518655
PRIMPOL,0.25308251223662737
TUBGCP3,0.0001732697084248276
USP31,5.329070518200751e-15
RASEF,1.1287300338835848e-07
PLA2G10,7.638334409421077e-14
PBX1,0.15926667605586797
SPATS2L,0.0017779629774352657
AHI1,0.0006207713421488847
CXCL12,2.4868995751603507e-14
ANKRD50,0.016515816431889284
IFT52,0.10110987171644048
PLEKHA7,0.11619549807268115
FLNC,0.0001778852638985029
CCM2,0.11393994202132163
DOHH,0.01330480151673541
GPR89C,0.016637745581261854
LPL,1.7763568394002505e-15
IL12RB1,1.3370868913961307e-09
EZR,9.785132704109856e-10
LSR,1.2434497875801753e-13
TM7SF3,0.016637745581261854
PCDH17,2.433608869978343e-13
POLR3K,5.215646012857178e-07
CPVL,7.798730550234723e-08
MMP7,0.01806109651468013
WDR74,1.5448975432263978e-11
TNNT3,0.31832456588976044
ZP3,1.7763568394002505e-15
KBTBD3,6.825250486741652e-05
WBP1,0.6797438261749329
SWI5,1.8094681308866711e-10
C7orf31,0.02420949942225903
GRWD1,3.457260659445183e-05
ZNF780B,0.21148488261323095
EMP2,1.7763568394002505e-15
MAT1A,0.001909205638362721
FBXO8,1.7763568394002505e-15
PARP16,4.878706765687468e-05
ST6GALNAC4,3.0020430585864233e-13
CLEC3B,1.7763568394002505e-15
LRRC29,7.946967700789287e-06
UBE2Q2,0.9010179923007229
HMMR,8.881784197001252e-15
SPIRE2,0.42072286282100535
PLEKHH2,1.7763568394002505e-15
FXYD3,6.725303951071737e-06
FCER1A,1.7763568394002505e-15
NCK1,7.946967700789287e-06
DSN1,1.2434497875801753e-13
CD247,1.5961560961841315e-09
MLANA,0.007565976238322066
RAB37,1.7763568394002505e-15
THUMPD2,1.7568968502246207e-09
CENPB,0.11393994202132163
ZDHHC23,0.5398998476772991
PCMT1,0.5677037455480187
ELP5,0.04944640680060175
HVCN1,4.057499225496031e-09
ALOX15,0.004757046552823496
COG6,0.8035269768960163
SFTPA1,1.7763568394002505e-15
CA8,5.6804637029728156e-06
RPL38,0.00037628657068897745
RNF215,8.403119267086367e-08
STAR,5.897913268881894e-10
RASGRF2,0.0001941578147395262
SLC16A11,1.2434497875801753e-14
C17orf51,0.4723763440876976
PLEKHN1,1.2434497875801753e-13
KIF18A,8.881784197001252e-15
IL17RC,1.616786704516926e-10
RC3H1,3.256713547727941e-07
PTDSS1,3.0020430585864233e-13
TMEM115,1.1649791822449417e-08
QDPR,2.5633326572460646e-09
FABP4,1.7763568394002505e-15
ZNF514,0.00010867611974241242
MMP17,6.206318512269604e-05
MLH1,1.9539925233402755e-13
SPRY3,0.0015962870115284744
EIF3L,0.190849824375403
VRK1,7.638334409421077e-14
NUDT17,0.17191424676435396
DRG2,0.6736344940466168
C16orf46,0.0036191049075792858
ZNF717,1.0633089786438177e-06
FAM13B,3.552713678800501e-15
POLR3C,0.01330480151673541
FMNL1,7.638334409421077e-14
MGST3,4.218847493575595e-12
DDX41,0.0035436448551049438
FAM117A,0.010261609457190346
ADC,0.5673426777793709
LAYN,0.6118509675549912
ZXDB,0.003099259960384515
FASTKD5,0.07719592312590784
C3orf35,1.8759072675678112e-05
SH3PXD2A,0.004316904154682888
CLEC5A,0.052989788310034314
NUP98,0.06930163067169381
MAGEF1,4.601169848041624e-08
ACOX1,0.13969105181486083
NOB1,1.6058265828178264e-12
TSC22D1,9.07522945681194e-11
NUTF2,4.8571529021046445e-09
LRRC69,6.010637926934237e-06
SMARCC1,3.0854181432005134e-09
DCUN1D4,0.00784436585604098
C10orf118,3.1893934604454444e-06
ZBTB45,0.14333259515310637
FAM96A,0.020665866669398625
RGL4,6.08284202631344e-07
C9orf172,0.20447619481721802
SLC12A5,0.064886242135481
FCHSD1,0.017671522370474382
C9orf116,1.4032918471684752e-07
MMS19,0.5335711137818162
GPLD1,0.019067043399514816
CDKN2AIP,0.00016000874791502557
RBKS,9.785132704109856e-10
B4GALT2,1.1100954635085601e-09
LRRC2,9.769962616701378e-14
CCDC93,0.06346609527860991
GAA,0.004459422606641894
L3HYPDH,0.09970668891391905
LHX6,0.0001778852638985029
EPHA2,0.12316903051698347
MEA1,1.1776298488446208e-07
VAC14,0.09513333936720869
SLC46A2,1.7763568394002505e-15
ZHX1-C8ORF76,1.9767201369091936e-06
ZNF33B,1.1467804483800137e-10
ACOX3,0.016185270214664982
HSD17B12,1.8149519242010384e-07
CACNA2D3,0.002799360749817126
MXI1,0.9618478594751583
PDSS1,1.8094681308866711e-10
MYCL,7.94031507211912e-13
ITIH5,1.6058265828178264e-12
ALS2,0.5852066143769612
PLTP,0.0005294876867694143
FBN2,3.134559278805682e-10
LRRC4,0.8858855663449852
WSCD1,3.0890845437170356e-12
MCF2L2,1.4492140820721033e-09
DDX6,0.4831256276428616
MSANTD2,5.572207957271758e-07
GPT,0.06930163067169381
RASA4B,1.5631940186722204e-13
YTHDC2,1.4422642710343325e-05
CLTB,0.4062001426297972
SLC25A45,1.6058265828178264e-12
TLE6,1.8094681308866711e-10
GAL3ST4,6.825250486741652e-05
GNMT,1.7763568394002505e-15
CLEC7A,5.600397025699862e-06
HEY2,0.09908592454842413
FAM177A1,2.4868995751603507e-14
SND1,4.4587072187728465e-07
TSC22D4,0.9010179923007229
TNK1,3.007600419210076e-05
KIF5C,0.41753250170018996
PDE1B,4.440892098500626e-14
BYSL,9.07522945681194e-11
SPTBN5,0.0008806696990912855
ZNF273,3.094002387626915e-08
MAP1LC3B2,1.349373327022795e-05
RAB11FIP3,4.788532343980023e-06
MAST4,1.370373858833318e-08
C2CD5,0.9010451411117566
TBC1D17,0.002614123910062105
CYYR1,1.7763568394002505e-14
PLEKHB2,2.630606843467831e-11
KIAA1462,1.7763568394002505e-15
SGK3,6.825250486741652e-05
C11orf52,1.1467804483800137e-10
EIF6,2.964333500367118e-09
EPC1,1.0206946399193839e-10
DIS3,0.008587735636506721
NELFE,1.8759072675678112e-05
TSKU,8.881784197001252e-15
AOC2,4.945666454148068e-08
TTC39C,7.65609797781508e-12
SLC29A3,6.725303951071737e-06
MVB12B,1.7763568394002505e-15
FUT11,6.741240940815143e-07
VPS51,5.374574670646837e-05
PKP1,2.433608869978343e-13
PPP1R14A,1.7763568394002505e-15
CDKN2A,1.192391962945294e-09
MCM8,3.552713678800501e-15
HSPA9,5.600397025699862e-06
RBM39,0.5148085516941183
DNAJB11,5.707434524993005e-12
PRKDC,1.7763568394002505e-15
PEX5,0.10316599771973678
UNC119,9.997117558677227e-08
TRIP4,0.7304479390240814
FGF18,5.329070518200751e-15
NRBP1,3.6770586575585185e-13
CRYL1,1.7763568394002505e-15
PLEKHS1,0.007565976238322066
EIF2B3,0.5720861414815896
METAP1,2.4868995751603507e-14
TMEM80,4.9116266609416925e-12
SAPCD2,1.7763568394002505e-15
DACT1,0.8858855663449852
LEPR,1.7763568394002505e-15
PDGFRB,0.0001628744437223162
HIST1H4J,6.917133532624575e-09
EXOC8,4.633575533744181e-06
RALGPS1,1.7496796758109667e-06
MED24,0.00197803909377825
STRADB,0.019150523176083952
ACSL3,6.825250486741652e-05
ZNF215,0.0001362867761987019
MSRB3,4.4941828036826337e-13
QSOX2,1.1727507853720454e-11
PCCA,2.5633326572460646e-09
CMTR1,0.18125476399734453
FOXRED1,1.4703800774225148e-08
ITPR1,1.7763568394002505e-14
ZHX3,1.2965142769161275e-05
DUT,1.0130044468634844e-06
RDH16,5.707434524993005e-12
PRRG2,0.8258163298101913
MORC4,4.2364032282193875e-08
ZNF223,0.8109402812359416
PI4K2A,0.0009504084140701252
RMI1,8.842704346534447e-12
SLC27A3,5.329070518200751e-15
GRID2IP,0.4490067617286915
PGGT1B,0.00037631805527393874
TSC22D3,5.861977570020827e-14
SERPINB8,0.11171837302823029
PHF11,4.218847493575595e-12
IP6K2,0.060701401498306495
INPP5F,0.000202796732962085
REEP1,5.121092026350027e-05
IFIH1,0.008085622213709343
MPLKIP,2.630606843467831e-11
CREBZF,0.09970668891391905
FCRL5,0.01531204751384152
HN1,3.552713678800501e-15
OMD,0.00043263448054275955
ATAD3C,1.2871659293978155e-10
ZNF736,0.022974872408266123
PDE4DIP,2.81308842886574e-09
SIGIRR,1.370373858833318e-08
ZNF594,0.010566648384996213
MBNL1,5.329070518200751e-15
PIBF1,0.0008459130159729175
STX2,1.7763568394002505e-15
MRPS30,5.329070518200751e-15
PLCB4,0.08226751834101265
LIMS3L,3.457260659445183e-05
GYPC,1.1100954635085601e-09
PROS1,8.881784197001252e-15
PSKH1,0.0014846473444478647
TSPYL1,3.6770586575585185e-13
ERGIC1,2.5226754019058717e-10
TSPAN13,3.375077994860476e-14
GPR146,1.7763568394002505e-15
ATE1,2.5156639491541455e-06
GPC2,1.2434497875801753e-13
H2AFY2,6.535714192068554e-10
GLCCI1,4.945666454148068e-08
NARF,3.0890845437170356e-12
BTBD8,0.008587735636506721
SPATA5L1,4.218847493575595e-12
MPHOSPH8,2.470379346475543e-09
PPP1R2,9.0681719007971e-05
TAF10,0.025537891202960256
RPS6,0.011354781257807367
RAD1,1.7763568394002505e-14
PDSS2,6.710043898294771e-08
MAP4,4.792291008470784e-10
LDHD,1.2871659293978155e-10
DOC2A,0.8407540567937097
MTHFD2L,0.05060520369320898
FBXL2,2.5226754019058717e-10
KLF3,0.1329605561585705
MPDZ,1.2871659293978155e-10
PDE10A,0.4963885938865378
GALE,0.007609452352863144
GOSR2,0.0027053239960554976
CENPL,1.7763568394002505e-15
LYRM7,0.9237813566146151
DHX57,7.638334409421077e-14
VMP1,0.003099259960384515
KDR,1.0192735544478637e-11
FAM111B,5.329070518200751e-15
NME1,1.7763568394002505e-14
STK25,0.008848884696840642
KCNQ5,5.802245794939154e-09
PGS1,2.2479840144076458e-07
MARCH1,2.2601653881793027e-10
IVNS1ABP,9.040639391599825e-05
WDR83OS,0.0005966978973450665
TCIRG1,1.4895306321704993e-08
NLE1,2.433608869978343e-13
TIGD7,0.001235703558341683
SCNN1D,0.03996834652842374
LYN,1.0642100534141719e-08
C1orf123,3.0890845437170356e-12
RASSF8,1.308784758233796e-08
MBOAT7,6.206318512269604e-05
NGLY1,0.00039864755038721
ST8SIA4,1.3535839116229909e-12
TBC1D12,4.218847493575595e-12
SESN2,0.017101069545240932
DNAJC11,1.7805245978053108e-05
VOPP1,0.0017779629774352657
PBDC1,0.00398000978719147
GLTPD1,0.029727315082014982
FILIP1L,1.3535839116229909e-12
SKA2,8.855280952957401e-10
GZMB,4.438832661741851e-05
A1BG,0.13162821884536155
MOK,0.7887529519630228
WDR11,9.979758868183808e-07
MYPOP,4.9116266609416925e-12
GLTSCR1,0.5086300594933544
PDCD2L,4.440892098500626e-14
ITSN2,3.375077994860476e-14
FAXDC2,1.7763568394002505e-15
PIGX,1.7763568394002505e-14
SIGLEC10,0.07395602411280144
ANKHD1-EIF4EBP3,8.855280952957401e-10
DCTD,0.3222934862214316
NACAD,6.825250486741652e-05
MEAF6,0.0005078536926375426
GGA3,5.215646012857178e-07
DNAJC13,1.4543591948523726e-06
SLC25A37,0.00046924742287757226
BUD13,0.7304479390240814
GPX1,2.630606843467831e-11
DOT1L,0.7232586770768918
PHEX,5.572207957271758e-07
FAM211B,0.21555363079600698
TTC23,0.8258163298101913
MT1G,0.6947463342363385
ILF2,1.7763568394002505e-15
LYPD3,3.552713678800501e-15
UBR3,0.001235703558341683
RPS6KC1,4.3148595807451784e-10
TENC1,3.552713678800501e-15
LGALS9,2.5235927599199303e-05
PDIA3,9.215887201256198e-09
CDH11,0.06633200503891068
ZNF221,0.9923668279164506
C9orf16,0.0050721514649119115
HOMER2,0.0014846473444478647
GID8,1.1100954635085601e-09
BRPF1,7.111603951059919e-06
ARSG,0.11848533640686121
IRF7,0.8258163298101913
CCR5,1.2288898243895119e-05
ZNF44,1.1368683772161603e-12
RNF169,0.17191424676435396
FBXO27,8.060396794462577e-11
C17orf89,7.94031507211912e-13
MUS81,0.21866240175859453
GNL3L,0.00046924742287757226
ALDH3A1,0.0001778852638985029
CCDC97,0.35217499509373695
FAS,5.310079487230723e-09
PRKAA1,0.5918179227766114
CSPP1,0.0001628744437223162
NDNF,1.7763568394002505e-15
C16orf80,0.07556206690378708
KCTD20,0.07237748012944856
PARN,0.0007678069115240342
DECR2,6.206318512269604e-05
SMAD9,8.881784197001252e-15
TOP1MT,2.433608869978343e-13
PSCA,0.652772195247282
LENG1,4.2700227794414666e-05
POLR3F,0.0002308749851795966
MYCN,1.507920117660433e-07
VAMP3,1.9628073058601173e-08
RANBP17,0.0005510827602233093
XKR6,0.0027053239960554976
ATG12,0.7540225300620748
C4orf36,0.05060520369320898
CLK3,1.4772952251067207e-05
ERMAP,6.206318512269604e-05
SLC12A6,0.6390094850461736
STXBP6,2.3080204414327454e-11
NR2C2AP,7.72257004802757e-09
C2orf54,1.3535839116229909e-12
TRAPPC6A,0.07885790741956278
PBLD,9.364108866094512e-07
PURB,0.011200519477185367
IKZF1,1.1467804483800137e-10
MED22,0.012931948668784443
ODC1,0.007158095833210254
ISG20,0.00012572680876634263
STYXL1,3.006746544187422e-06
FAM105A,1.7763568394002505e-15
ZNF853,0.07719592312590784
SPATA12,0.46061015880625966
LMTK3,0.08760075247442067
C17orf82,0.03048635454688231
SPIN4,0.5082948606967681
FAM86A,9.357123801985516e-06
CD81,5.329070518200751e-15
TMX4,2.8132163265581767e-10
NFKBID,3.9920236538648624e-07
REEP2,1.206143563692308e-06
RNPS1,3.0020430585864233e-13
RPS12,0.9089255587031547
BAIAP2,0.0019444897036157086
ADAMTS5,0.20795951830847592
FOXP2,0.3325668996889135
ROBO2,1.0206946399193839e-10
CCNC,0.00010867611974241242
PRKRIR,0.6517820029766626
ARRDC1,0.0014315119741414861
HDDC3,0.46647302992520423
MFNG,1.7763568394002505e-15
PNPLA6,1.7763568394002505e-14
WDR54,0.009674503529771172
RP2,9.769962616701378e-14
STIL,3.552713678800501e-15
FREM1,1.8094681308866711e-10
ECE1,0.22974800885474522
DBF4,1.7763568394002505e-15
ZNF418,0.0001802814114632041
MESDC2,9.449336773381125e-05
AARD,6.337863567296154e-11
ZNF626,1.0633089786438177e-06
SLC22A1,0.22231487615329293
PPWD1,8.143003412563343e-06
ZC2HC1C,5.861977570020827e-14
C16orf93,0.0007261627070427323
ABCB8,0.7767951936407994
KIRREL3,0.5786292137562761
CD33,1.7763568394002505e-15
RSPO3,2.8132163265581767e-10
BLVRB,0.0022762251098509267
MBNL3,0.0004506016805585489
DAAM1,0.32777522027848605
IER3IP1,0.028280122568276955
MLLT10,0.1195248970252175
RAD21,6.08284202631344e-07
TMED5,8.881784197001252e-15
TXNDC9,0.0004885945525092694
LMAN2L,3.1893934604454444e-06
RNFT2,2.2451841275028528e-08
FERMT3,1.2434497875801753e-14
DUSP8,2.81308842886574e-09
RBM33,0.8971079044298458
CTPS1,2.7898521185566788e-09
GADD45G,9.051156624195755e-08
SYTL2,1.3667570399888973e-06
CCNT2,0.3829036913273498
DYNLRB1,0.0001362867761987019
HSPA14,8.855280952957401e-10
INTU,0.9771032283055696
PPOX,0.16001685587048975
ABCF2,2.1246773229677274e-09
SZT2,0.00014903614355255002
PPP1R3C,3.918623114884667e-08
CCDC122,0.054216182330456775
PLCH2,1.0206946399193839e-10
BACH2,0.13698297580214464
TBC1D19,0.037166605079788084
CUL2,7.466871379081138e-07
DNAH11,0.00014903614355255002
ARMCX3,1.507920117660433e-07
VPS33B,0.3622430237473182
SLC25A18,7.155652345502972e-05
TEC,4.440892098500626e-14
CRAT,0.6596977023333945
MATN3,1.3149694666481082e-09
KLHL12,1.4703800774225148e-08
GPRIN1,2.4868995751603507e-14
THOP1,8.881784197001252e-15
TMEM178A,3.40367733997482e-11
ADRA2B,7.518488965629899e-06
SUPV3L1,6.79884997479191e-08
PPP1R13L,3.801371960321376e-06
CABLES2,5.861977570020827e-14
SEC61G,1.8094681308866711e-10
RIMKLB,0.050112772905400185
PSMB5,1.4703800774225148e-08
LIN7C,0.0027053239960554976
PARP14,4.440531498062228e-09
L3MBTL3,0.6761014247878812
EPS8L2,0.0002738644978439453
AASDH,0.7232586770768918
TOR2A,0.6321732707310517
WIPI2,5.951474850718341e-07
KLRD1,3.6770586575585185e-13
NOLC1,1.5129546571962498e-06
GCHFR,4.3806736016449577e-11
SPRTN,1.1467804483800137e-10
MYLIP,2.6378053519238165e-08
C16orf71,1.859966783257505e-06
PNO1,1.9326371614170057e-09
MRPL28,1.9380363206885276e-06
MT-CO1,2.1499046276574063e-07
UNC5B,0.6806447467771797
PPP1R21,0.0004506016805585489
ALOX5AP,5.329070518200751e-15
MBD6,0.0018425334424101436
RRN3,0.006325487527247375
DOPEY1,9.07522945681194e-11
CLIC3,8.881784197001252e-15
SSX2IP,5.861977570020827e-14
SGIP1,2.9747345218211763e-05
TRIM28,1.1098341111028543e-09
PI4KA,0.18444897927691706
C12orf79,0.9466061989829431
CILP2,2.2601653881793027e-10
SLC23A1,4.788532343980023e-06
ZNF763,1.7763568394002505e-15
IPO13,4.8571529021046445e-09
ATP6V1C1,3.3822118439275073e-09
ATRIP,0.0054056035788701
C7orf60,5.492224814487985e-05
ZNF331,2.0232171493717033e-10
CCDC88B,2.3344064459251967e-09
PLEKHM2,0.00784436585604098
TBX15,3.586156610779767e-06
PYCR1,5.329070518200751e-15
GPR126,4.3148595807451784e-10
AP3S2,0.03901168331216344
NFATC2IP,8.237559280566131e-05
DHX16,0.0056000976672750365
SLC6A16,9.07522945681194e-11
TRIM45,4.218847493575595e-12
HDAC6,7.500770700019643e-05
ITGB5,3.9920236538648624e-07
MMP10,4.112928062891432e-08
HIF1A,4.212276530435414e-06
TRIM66,0.037166605079788084
CAV2,2.5226754019058717e-10
ACYP1,5.897913268881894e-10
CASC3,0.045029384285348376
CSNK1G3,0.3230277659528582
FAM110A,8.842704346534447e-12
PXDC1,1.2434497875801753e-14
SUMO3,0.007344365863810402
BCAP29,2.81308842886574e-09
SLC1A4,6.616929226765933e-12
GAK,4.632833685681215e-05
UNC5C,1.0642100534141719e-08
MGAT3,3.489741828843762e-10
TCP11L2,5.329070518200751e-15
ZNF518B,1.603124333549033e-05
TFRC,5.367254770405339e-06
SEPHS1,9.07522945681194e-11
DEDD2,0.19427670053532076
NIPA2,0.0011051033525024678
BEND3,8.842704346534447e-12
MAP2K1,0.18444897927691706
ZNF688,8.237842195057965e-07
COX11,0.00197803909377825
USP40,0.0011471783973160399
SAP30L,0.001190697289374043
LATS2,4.9604764740251994e-11
XPC,1.9539925233402755e-13
ENSA,0.4042577575813002
EIF4A3,5.453415496958769e-13
CEBPB,1.4895306321704993e-08
PSMG3,1.2434497875801753e-13
SS18,0.0362699414949752
TMEM258,4.4254613142058474e-05
RARG,3.6770586575585185e-13
PPFIBP2,0.004316904154682888
TTLL4,0.00010257507104470712
C12orf45,8.270045020359534e-07
ANKH,1.859966783257505e-06
BNIP2,1.158324636207908e-08
ZWILCH,3.552713678800501e-15
PIP4K2C,6.081870866088106e-07
ITGA4,4.2698192537216073e-07
SYT8,0.10953049393459402
ELK4,0.002614123910062105
FZD9,2.070065541204258e-08
SEC16B,0.0362699414949752
S1PR5,2.2601653881793027e-10
TNRC6B,0.00028808063448340003
HLA-DRB1,3.552713678800501e-15
FCER1G,4.440892098500626e-14
MGST1,0.00784436585604098
NBPF9,4.028586058524297e-06
SYPL2,1.1368683772161603e-12
PFKFB3,7.155652345502972e-05
NAAA,6.535714192068554e-10
NOV,0.006730459669450184
TMEM53,2.5226754019058717e-10
FMO4,0.916185835362695
CXCL5,2.1246773229677274e-09
ZCCHC24,3.552713678800501e-15
FAM131B,0.7018365959451138
CHRNE,0.009116960633276605
PIK3CB,0.0013800985654270903
AIM1,0.026848578410895385
PKIB,0.10525460779046192
SRSF4,0.045027510990479414
SGSH,3.477136398975647e-06
SYNRG,0.0006106420186779496
AXIN1,1.8759072675678112e-05
DIAPH1,1.4895306321704993e-08
MRPS23,1.4895306321704993e-08
RAPGEF2,4.218847493575595e-12
FAM19A2,8.522692085804807e-05
SLC25A17,9.769962616701378e-14
CPSF2,1.4492140820721033e-09
PDGFRA,0.012213348101271393
C10orf76,7.65609797781508e-12
RBM38,0.001642125243437951
AKAP1,0.3044806608698192
GCK,0.39349457563481494
MANEAL,0.0036632546526647047
CDC7,3.6770586575585185e-13
TTC3,0.5786292137562761
IKZF5,5.897913268881894e-10
CABYR,3.552713678800501e-15
SUPT6H,0.20827143449080732
CHD1,1.370373858833318e-08
ZNF397,0.18419005533984711
DDX60L,5.897913268881894e-10
C2orf76,0.064886242135481
ASNA1,0.24908489906916564
FDXACB1,0.1976349682926415
IP6K1,2.3080204414327454e-11
ERO1L,3.552713678800501e-15
EXOSC4,5.861977570020827e-14
ZNF268,0.5210251168620434
C4orf32,1.7763568394002505e-15
KLF11,5.210085375739284e-07
VTI1A,0.0894381024777875
FBXO33,2.4868995751603507e-14
CHCHD5,0.14601836144972324
VAMP4,0.4407571178182137
SNX33,0.0002624791416003802
CCL21,1.2871659293978155e-10
ZSWIM6,7.500770700019643e-05
ZNF329,0.0010644297047850415
NRG1,0.9771032283055696
LRRN2,0.19095974436218555
HADHB,0.28942362339137306
CD164L2,2.670359481982132e-06
ARMC6,1.9767201369091936e-06
PIF1,3.552713678800501e-15
SLBP,2.0569458285737544e-09
POR,2.6885878247284722e-05
EFCAB11,6.337863567296154e-11
ITPRIPL1,0.008085622213709343
NACC2,2.3080204414327454e-11
TUBE1,0.01531204751384152
GATAD1,0.7091309176902658
USF2,0.32777522027848605
TLR7,1.0192735544478637e-11
ORAI2,0.07719592312590784
FAM184A,3.552713678800501e-15
PPP1CA,5.121092026350027e-05
CLCN2,1.7763568394002505e-15
TRAPPC8,0.020736608272804644
COL27A1,1.2965142769161275e-05
CXXC1,0.07745545963487725
TRABD2A,3.0890845437170356e-12
ESCO2,3.552713678800501e-15
TMEM206,1.1368683772161603e-12
PINLYP,0.029727315082014982
MSN,2.4868995751603507e-14
PHC3,5.070202146129077e-06
ADAMTS2,0.028256978552906986
NCS1,4.440892098500626e-14
RBM17,1.6198182883897516e-07
TRIM24,0.0006457255474483503
OST4,3.633577416550793e-05
PRIM1,4.4941828036826337e-13
UGCG,0.027545164283727885
NAPSA,1.7763568394002505e-15
FAM150B,8.842704346534447e-12
FCGR1B,7.638334409421077e-14
POLRMT,5.6804637029728156e-06
PRG4,5.707434524993005e-12
C1orf106,3.0020430585864233e-13
CBL,0.0021496330360651905
EIF2A,4.9604764740251994e-11
AMBRA1,0.05181156528800345
SLC40A1,8.881784197001252e-15
HIVEP1,0.010879562807692977
AIM1L,8.22989321136447e-09
SLC25A46,1.080529443697742e-09
GNE,0.004459422606641894
RAB31,1.4895306321704993e-08
ADM,2.1002898957789284e-06
VPS8,0.0001537422019073124
EML4,0.5210251168620434
SLC51A,3.0412363649645613e-07
DEPDC1,3.552713678800501e-15
SMKR1,2.36936675790389e-06
ZSCAN31,0.14601836144972324
ALG1L,8.881784197001252e-15
ASS1,0.22231487615329293
MGLL,1.7763568394002505e-15
RICTOR,0.7232586770768918
ZNF174,1.603124333549033e-05
UCK2,1.7763568394002505e-15
FAM83D,5.329070518200751e-15
ZNF341,0.9563694064926231
NCLN,2.3068974657647345e-05
FDX1,3.0854181432005134e-09
LRRC14,8.630484972549368e-05
MBD3,0.4151920088524754
ZNF433,7.111603951059919e-06
HIATL1,0.7505206655370977
TTYH2,0.0005734773907004609
PIWIL4,0.004606102327862516
ARHGAP1,0.7304479390240814
CD68,1.1368683772161603e-12
ATP5I,0.011529687649083797
ADAMTS16,0.02122367163684835
TMEM245,2.3709430019433458e-07
COL4A5,5.7649630846867694e-08
IGF2BP3,1.2434497875801753e-13
STX5,2.911241451670439e-06
BZW2,8.881784197001252e-15
TNRC6C,9.0681719007971e-05
SLC2A10,0.6118509675549912
LYPD5,0.38817752503383396
POLD1,2.4868995751603507e-14
C7orf26,0.15396657374652442
COL6A3,0.004606102327862516
MXRA7,0.025537891202960256
EPS15,8.060396794462577e-11
SMAD6,5.329070518200751e-15
CFL2,8.881784197001252e-15
ZNF287,0.03286210881230289
KIAA1161,0.2695104487517437
SRSF11,0.8258163298101913
KCNAB1,3.8819791825517314e-10
ZNF704,2.82830745792495e-05
GPSM1,7.946967700789287e-06
CPLX1,0.06780369678404519
GALNS,0.0013366032877885855
ZCWPW1,1.3667570399888973e-06
SWAP70,1.1151651065122249e-07
TMPPE,0.014479791748943427
CHMP5,0.0002409992117797799
STAMBPL1,0.42072286282100535
FBXO30,0.056738698656332076
MAGT1,0.81837027658068
UBE4B,7.237197507947712e-10
DHDH,1.4422642710343325e-05
B4GALT5,0.18125476399734453
C20orf27,4.2698192537216073e-07
GTF2A2,1.859966783257505e-06
RASSF3,1.7763568394002505e-14
CRIM1,9.464115928229098e-08
C11orf96,1.3535839116229909e-12
ZC3H12D,0.24122024636948858
ICAM4,9.521272659185342e-13
GABARAPL1,1.260182003193222e-08
SULT1A2,1.7763568394002505e-15
IRX6,0.9801600629440878
SSBP3,0.5741009302895304
MROH1,0.13698297580214464
ADAMTS7,0.8407540567937097
ZNF622,4.213757459226031e-05
ADCK3,0.00032407658280853013
PDZRN3,8.403119267086367e-08
GTF2F2,2.8338981969966426e-06
PRSS16,0.1515030570827971
EEF1B2,0.766732668436843
ZNF259,0.005236528699732901
ACSS1,0.5148085516941183
PSMD9,0.006131180232502587
ABHD5,2.3080204414327454e-11
TRMT5,3.6148861681795097e-12
GLCE,0.8035269768960163
ZNF619,0.00013594335635815983
ACO1,1.859966783257505e-06
NUP88,1.1645574410579229e-05
VIM,4.440892098500626e-14
IRAK3,8.881784197001252e-15
CRIPAK,1.080529443697742e-09
ZNF43,0.0002857006608838475
C7orf55-LUC7L2,3.907626806206914e-05
LRP5,0.0009149367393188612
PPFIA1,0.5082948606967681
PRRT1,0.22231487615329293
SPAG1,0.0007847371187263974
HMHA1,7.94031507211912e-13
LYG1,0.00011903464815610221
RASGRP2,1.7763568394002505e-15
SLC12A4,7.638334409421077e-14
VMO1,1.7394549622906652e-07
TYK2,0.2306644556000963
NOL8,2.649707155910619e-07
SLC35A4,2.3080204414327454e-11
EIF2S1,6.79884997479191e-08
ZMYND12,4.440892098500626e-14
MCM3,2.4868995751603507e-14
DLL4,1.7763568394002505e-15
ALG11,2.0810681753857807e-05
BARD1,8.403119267086367e-08
PPCS,0.07100679869964945
TBX3,2.8573925447972215e-08
TNK2,2.070065541204258e-08
DUSP10,0.34720763934942456
BCL2L11,3.0890845437170356e-12
EXTL1,2.649707155910619e-07
SMARCE1,2.82830745792495e-05
ZNF793,0.0008475708983652908
CCR7,9.84559617478658e-05
CTTN,0.13045894629165566
LIPT1,8.928661850275861e-05
PAX5,0.06346609527860991
ZNF92,5.9166993136017254e-05
CENPK,2.4868995751603507e-14
SLC6A12,2.4868995751603507e-14
HEXIM1,0.020120643634562896
SUPT20H,0.0037864469724659955
PLXNA4,0.010879562807692977
SLC25A44,0.0894381024777875
CHN2,4.521505763577238e-06
P2RY13,3.552713678800501e-15
FXR1,1.7763568394002505e-15
GYG2,1.206143563692308e-06
JAKMIP2,0.26120880915335754
CCDC77,4.057499225496031e-09
GDF11,8.237842195057965e-07
MAN2B1,3.432816755159995e-07
C20orf197,0.07556206690378708
KIAA1522,5.610267805877811e-11
MBD1,0.027545164283727885
DXO,0.22974800885474522
TMED9,0.017200586079268373
GATA2,5.610267805877811e-11
CDC42EP4,0.8696285210234678
ZNF365,1.859966783257505e-06
TOX,7.151434999741468e-11
SIX2,8.060396794462577e-11
DNAJC8,0.00091364551625089
JMJD6,0.38817752503383396
RNF181,0.11487471159264
THEMIS2,1.2434497875801753e-14
MED7,5.318447904301138e-10
FBXO7,1.4492140820721033e-09
COX16,0.0002738644978439453
PYCARD,0.027545164283727885
C14orf28,3.918623114884667e-08
CHPF,3.489741828843762e-10
FRMPD3,0.15430250303892734
NDUFAF6,6.78354924232849e-07
C6orf48,0.4042577575813002
ANAPC4,0.017575449774248852
OPTN,0.0037864469724659955
CLSTN1,7.94031507211912e-13
RBM12,0.0009256015852284934
NRG4,5.639617199193481e-05
SLC6A6,9.468707561843814e-05
AK2,2.5226754019058717e-10
FRAT2,8.237559280566131e-05
ZNF449,0.017335274314703143
POMGNT2,4.859078360567124e-06
CNTN1,0.10316599771973678
NDRG2,3.0854181432005134e-09
TUBB4A,5.9166993136017254e-05
CNOT2,1.02597616190337e-05
SEC61B,0.10511758904425997
ZNF610,0.010879562807692977
RNF152,0.0050721514649119115
CCRN4L,0.4262959591146398
FSTL1,0.2695104487517437
SEC61A1,4.057499225496031e-09
ARPC4,5.3406212785489515e-08
UCHL3,4.9116266609416925e-12
RPAIN,0.013627154429164134
IQSEC2,1.5961560961841315e-09
ATIC,5.453415496958769e-13
MOV10,0.0001778852638985029
C16orf13,3.0412363649645613e-07
POU2F3,0.5398998476772991
ATP5G3,1.5961560961841315e-09
COX17,0.041929242456154064
NDST2,5.802245794939154e-09
GPR156,2.0232171493717033e-10
SLC16A4,1.7568968502246207e-09
GZMM,5.610267805877811e-11
JDP2,3.375077994860476e-14
SNRPN,1.7568968502246207e-09
C6orf211,8.060396794462577e-11
ENTPD2,1.7568968502246207e-09
FOSL1,0.1406841997467243
ZNF623,6.590283874174929e-13
CBX8,1.2434497875801753e-13
HEXIM2,0.006525205201144857
QTRT1,4.578190981874286e-08
RMDN2,3.552713678800501e-15
MAP2K7,0.5852066143769612
SAFB,0.002797437349769575
HCFC1,3.38235121510877e-06
REXO4,6.337863567296154e-11
APMAP,3.812402633016023e-07
GIGYF1,0.4963885938865378
NR2F1,2.4868995751603507e-14
PLRG1,0.002797437349769575
CACNB4,4.2364032282193875e-08
RAMP1,0.34720687274462314
ERAP2,1.9326371614170057e-09
NKIRAS2,2.3242989444907054e-09
PLCD4,7.683946512066696e-05
BCMO1,0.0008156048825487261
MAP3K11,4.3806736016449577e-11
BZRAP1,1.4543591948523726e-06
PRKRA,0.0010251160635235124
PIGS,3.006746544187422e-06
TM4SF18,3.863753761379485e-11
LUC7L2,0.7018365959451138
ZNF567,0.00018755925414148475
CD36,8.881784197001252e-15
HMCN1,1.5961560961841315e-09
MMP14,3.6770586575585185e-13
FBF1,4.017079467030095e-07
SMPD3,3.486415511844143e-07
KRT18,0.10525460779046192
GJA1,0.25471765477140385
C1orf213,0.001715436079566146
MME,0.0017779629774352657
FAM178A,0.0003825853095680287
DOCK3,0.02420949942225903
PITX1,1.2434497875801753e-14
DNMT3B,2.4868995751603507e-14
C2orf43,5.367254770405339e-06
AMD1,0.7277219297587737
HLA-DOB,0.027545164283727885
ZNF614,0.7813934753886187
LRRC61,0.0004153236253312542
RIPK1,5.740709396600488e-09
MRPL34,0.6736344940466168
FAM174A,1.5631940186722204e-13
PSMD8,1.616786704516926e-10
CCDC66,7.069213042305e-05
ANAPC5,8.974586938010462e-07
PPT1,2.8391607465039215e-07
GRM8,0.32777522027848605
IGBP1,0.20103473802823935
PTPRK,0.0506251756794671
D2HGDH,0.5210251168620434
TESK1,0.4963885938865378
GSTZ1,1.0633089786438177e-06
PRDM5,4.218847493575595e-12
MTMR4,8.970399534291573e-09
RTCB,5.442992326821587e-08
MEGF8,0.07395602411280144
PEX12,0.3325668996889135
ARHGAP22,0.1622347522426656
FUS,0.0008459130159729175
TAF5,1.2871659293978155e-10
PNPLA8,0.00039864755038721
DAG1,0.008848884696840642
CILP,0.0009871220775430345
C7orf63,2.6378053519238165e-08
HSPH1,0.0021224348550905603
MED9,0.3222899189348758
PRPF38B,0.0006207713421488847
KCTD5,1.5581270819808626e-08
ZNF396,5.3406212785489515e-08
FAAH2,0.6294907203129624
C1QTNF6,3.375077994860476e-14
PAQR8,4.440892098500626e-14
BLOC1S4,5.070202146129077e-06
TPRN,0.0002211422351869885
CAPN6,0.012931948668784443
CCL14,8.881784197001252e-15
LSM4,2.433608869978343e-13
BCL2A1,8.403119267086367e-08
ATXN7L2,0.04610345508442351
MRPL33,0.03996834652842374
DKC1,1.7763568394002505e-15
OSGEP,0.0001628744437223162
SGPP2,0.49562494996076367
ANKRD32,7.518488965629899e-06
LIMD2,0.9542249738357711
PSMD7,3.0611844773118703e-09
ZNF37A,0.005236528699732901
ANKS1B,2.6378053519238165e-08
TRIB2,0.6051405400941228
ZNF202,0.00046924742287757226
SLC25A24,1.2871659293978155e-10
UBL5,0.2916907834077819
EIF4G2,0.3325668996889135
LRRC37B,0.27798803015155293
CYTH4,7.546860913976161e-09
FAM161A,1.5471859846627467e-06
IGFBP6,0.01330480151673541
CERCAM,2.994404724177002e-11
B3GNT4,4.218847493575595e-12
TNFRSF10D,1.859966783257505e-06
AES,4.440892098500626e-14
PPM1G,1.1812325186599061e-09
PRDM10,0.01574343835962111
PGF,1.757493883758343e-08
CCL11,0.3829036913273498
BBS9,0.00035222154756553437
PARM1,9.745764195656648e-08
WDR31,0.012931948668784443
IFI6,0.07745545963487725
METTL21A,9.040639391599825e-05
EIF2AK3,0.8774653933470543
CUL4B,3.38235121510877e-06
DEXI,0.0006715891126169993
ALPL,1.7763568394002505e-15
RAB9B,0.0018425334424101436
PCTP,3.8876619657334306e-08
HAUS7,1.6896629077223224e-05
TRPV3,2.7898521185566788e-09
SNRPD1,1.3370868913961307e-09
TMSB15B,0.000489336412944435
CCDC25,0.6666519727454681
TMCC3,4.633575533744181e-06
FRS2,0.587730636069065
GPR97,0.0005734773907004609
METTL7A,1.1100954635085601e-09
CTSZ,1.5961560961841315e-09
UEVLD,0.12080975020940343
SLC39A9,0.008085622213709343
RBM43,2.3344064459251967e-09
TIMMDC1,5.610267805877811e-11
CD79B,0.003099259960384515
ELOVL1,0.005579489549422334
WFIKKN1,5.367254770405339e-06
ZXDA,0.00045417562771305023
IQCJ-SCHIP1,0.16293225736063377
SMU1,0.2673769727421744
MGMT,5.492224814487985e-05
OSCAR,3.552713678800501e-15
TBL2,2.82830745792495e-05
SLC35G2,0.42327221109755275
HMGB2,4.440892098500626e-14
PPP1R7,4.2364032282193875e-08
ZC3H6,1.7394549622906652e-07
RIN1,3.586156610779767e-06
HAGH,8.881784197001252e-15
PHF3,0.04193213473556767
FANCE,1.7763568394002505e-15
CRLS1,0.0005071168317600691
TAOK1,0.3950506668292877
FERMT1,1.7763568394002505e-15
STX3,4.218847493575595e-12
C11orf57,0.07662235072347227
SEMA6C,0.9085978224870299
PPP3CB,3.281330561639642e-08
SCAMP3,6.403891610776942e-07
KBTBD6,3.486415511844143e-07
TNNT1,3.489741828843762e-10
EIF3C,0.020665866669398625
CAPN12,0.008333363871146915
C1orf226,0.06207125225267518
ELMOD3,0.43191110415215306
G0S2,1.0451820186219152e-05
TXLNG,0.6806447467771797
WBSCR27,0.6294907203129624
GNA11,2.5633326572460646e-09
SH3BGRL3,0.0014821261258345265
EIF5AL1,0.0001941578147395262
SLC39A3,0.008085622213709343
ZNF48,0.001909205638362721
COL16A1,0.0013366032877885855
TCF12,0.8632650227005474
RETSAT,5.453415496958769e-13
IARS,2.6343371928305714e-12
ANGPTL2,0.9771032283055696
LRBA,0.029727315082014982
COASY,1.7763568394002505e-15
ZBTB3,0.44326672141018975
ACSM3,9.745764195656648e-08
KDM1A,3.552713678800501e-15
CDV3,0.3422827758111566
LRRC37A,0.006730459669450184
LRRC1,6.337863567296154e-11
THAP5,0.03048635454688231
CYP2S1,4.2364032282193875e-08
PDK4,1.7763568394002505e-15
GNAO1,0.03286210881230289
C9orf163,0.0011051033525024678
CSRP1,3.552713678800501e-15
PPP2R3A,8.970399534291573e-09
NPAS2,2.1246773229677274e-09
PIK3C2B,8.403119267086367e-08
FGD1,2.994404724177002e-11
ANP32B,2.3080204414327454e-11
DHRS4,2.3585473054311172e-06
IL6ST,3.552713678800501e-15
KIAA1217,2.3068974657647345e-05
RPS14,0.008085622213709343
PTRH1,0.2653376709882824
AFAP1L1,1.34718902700115e-11
PPP1R16B,4.4941828036826337e-13
MRTO4,9.521272659185342e-13
ZNF410,0.559104623193516
NBR1,1.8759072675678112e-05
JUP,1.7763568394002505e-15
ZNF496,0.0021224348550905603
OXR1,0.7304479390240814
ZBTB2,0.47694075091631205
DENND2C,2.1499046276574063e-07
SNX32,0.81837027658068
ARHGEF10,3.375077994860476e-14
PRDM4,0.1255634661063354
FAM229A,0.006730459669450184
ZNF581,7.237197507947712e-10
BLOC1S1,3.918623114884667e-08
HOMEZ,4.788532343980023e-06
CCDC74B,0.672470358702386
RHBDD1,0.81837027658068
BTG3,0.0008806696990912855
RRP7A,7.185889616702304e-08
HERPUD1,6.78354924232849e-07
NOL10,1.7763568394002505e-15
SCYL1,0.052989788310034314
ECI2,1.1645574410579229e-05
SIGMAR1,1.6058265828178264e-12
SERPINB2,3.3822118439275073e-09
ZNF571,0.001539555129280501
DHRS7,1.4032918471684752e-07
LSM10,0.4586489068506038
MICU3,3.552713678800501e-15
NME3,6.825250486741652e-05
OSER1,0.00015581408102782746
PILRA,3.552713678800501e-15
SAMD5,3.9920236538648624e-07
ARHGAP11B,1.7763568394002505e-15
ZMYND8,0.040940454006349825
HECTD3,0.007158095833210254
MMS22L,1.7763568394002505e-15
YJEFN3,0.004178445711550793
EPHA1,1.1727507853720454e-11
MARC2,1.7763568394002505e-15
MIDN,4.073707127935851e-05
PEF1,2.022026990289305e-11
ARL4C,1.8673260271384606e-07
SLIT2,2.433608869978343e-13
C9orf69,2.6378053519238165e-08
FBN1,0.9618478594751583
ADD2,0.0011471783973160399
MTCH1,2.7300561772413507e-06
MTX1,2.022026990289305e-11
SETD6,8.398093875428003e-06
MTMR12,0.28229295463063053
PNMAL1,0.039015525521861605
IKBKE,1.9326371614170057e-09
PLEK2,1.7763568394002505e-14
RAB34,4.213757459226031e-05
SMOC2,0.6390094850461736
MGST2,0.2260100302518655
IRF4,0.06930163067169381
RBCK1,0.019150523176083952
AHNAK2,2.239985974483716e-12
TRNAU1AP,0.20447619481721802
SELP,1.7763568394002505e-15
ZDHHC6,0.014206145404539388
TMEM179B,9.915398697479816e-05
CDKN2AIPNL,1.2288898243895119e-05
PANX2,9.785132704109856e-10
NCKIPSD,0.4707994763603818
FGD2,1.1100954635085601e-09
ARMC9,4.440892098500626e-14
TSSC1,4.218847493575595e-12
ACD,0.0006715891126169993
POPDC2,1.859966783257505e-06
INTS10,0.4296714630533238
OSBPL5,1.192391962945294e-09
ZNF195,0.01855822259070905
NDUFAF7,1.5900692617743417e-06
SLC35E2,0.016637745581261854
VAMP1,0.5918179227766114
STOX1,0.49032624846387485
ARHGAP10,5.367254770405339e-06
FHL3,0.002799360749817126
CHAD,0.013818184103990487
PLEKHA6,0.060701401498306495
MN1,8.00994554270442e-05
DHRS13,2.3242989444907054e-09
UBXN2B,0.000367116559868208
COMMD1,0.46647302992520423
USP16,4.696732589550205e-07
HMGXB4,3.6770586575585185e-13
GPT2,1.5631940186722204e-13
C1orf101,1.0490046520317264e-07
LEPREL1,0.0014846473444478647
PPP2R4,0.39349457563481494
ZNF81,0.007158095833210254
BLNK,0.17191424676435396
TMEM240,0.002996250182501825
AOC1,0.010879562807692977
FAM160A1,7.518488965629899e-06
SOAT1,1.849627704721443e-05
PACS2,0.015428290815446435
STAT3,1.260182003193222e-08
NEK5,8.22989321136447e-09
GPC3,0.0001302957841744501
PXMP2,2.0039570713947796e-07
OSCP1,1.934752339408358e-09
NFKBIZ,2.5226754019058717e-10
UPK2,0.009964281765361349
PTPRS,0.0002857006608838475
PDS5B,0.001654895925714328
TPD52L2,5.8707166801529715e-06
QTRTD1,1.1033688904760197e-05
ALDH1A1,0.006131180232502587
ZNF625,0.045029384285348376
PCBD1,3.9920236538648624e-07
HIRA,0.013818184103990487
IFI44L,0.000251529064962952
IER5L,9.07522945681194e-11
DECR1,1.192391962945294e-09
ZFP69,0.0010644297047850415
C1orf210,2.022026990289305e-11
RNF219,0.011354781257807367
WDR52,5.6804637029728156e-06
ZFC3H1,0.3829036913273498
ZNF579,0.14780413771427342
ZNF143,0.06646482620734323
CTTNBP2,0.6596977023333945
RPS2,1.6183291151605772e-08
ACN9,4.3806736016449577e-11
CLDN12,0.00021108466415340483
UQCRQ,0.4723763440876976
SUSD1,1.3149694666481082e-09
ZNF445,0.001235703558341683
GOPC,0.010574002772162205
GLI4,1.2434740924380837e-07
PLCG2,8.060396794462577e-11
ANXA7,0.0011051033525024678
MAP4K4,7.111603951059919e-06
LINS,3.1893934604454444e-06
DHTKD1,2.434094703573919e-08
SYNM,1.8989254613188677e-12
CTTNBP2NL,4.438832661741851e-05
TPRKB,1.5631940186722204e-13
LSM5,6.590283874174929e-13
MRP63,0.04719429796794117
MT-ND5,7.638334409421077e-14
CD40,0.0002211422351869885
GRAMD1A,2.36936675790389e-06
UBE2J2,0.002356807144249018
CCDC125,5.318447904301138e-10
CNTROB,3.826770429807119e-06
PRKCB,1.1727507853720454e-11
PDE4D,2.2601653881793027e-10
ACER2,0.09908592454842413
SPIN2B,0.04832060289581619
DFNB59,0.20795951830847592
CGRRF1,1.7763568394002505e-15
TOMM6,0.0002308749851795966
MLF2,6.590283874174929e-13
IDI1,6.432038541383044e-08
IPO11,0.015427654823942859
CASC10,0.7018365959451138
FBXO22,2.186645537552535e-09
AK8,5.367254770405339e-06
NLRP1,5.3406212785489515e-08
CADM1,1.7763568394002505e-15
DUOX1,1.7763568394002505e-14
FLT4,1.7763568394002505e-15
IKBKB,0.10737600575610173
SPIB,0.6253677971440439
ZFP3,3.3822118439275073e-09
MAK,3.40367733997482e-11
FAM216A,0.21148488261323095
RPN2,1.5631940186722204e-13
TMEM203,0.0018178841297589454
TMEM120B,0.0894381024777875
PKIA,0.12799334338745183
C14orf37,3.457260659445183e-05
MRPL55,1.3667570399888973e-06
ARHGEF10L,2.0039570713947796e-07
PEX13,1.7491373731582586e-08
CCDC101,8.22989321136447e-09
PGAP3,6.78354924232849e-07
UBLCP1,0.0010644297047850415
MYH10,1.0192735544478637e-11
FAXC,7.859197106271361e-07
C14orf166,8.22989321136447e-09
BDH2,8.881784197001252e-15
PTPRR,1.5207189122179443e-05
CRYZL1,1.8989254613188677e-12
ABCC6,1.7763568394002505e-15
RUVBL2,2.078939311482553e-08
SDCCAG8,0.16001685587048975
SH2B2,0.24122024636948858
PLCL2,2.3080204414327454e-11
TNXB,1.7763568394002505e-15
TANGO2,1.192391962945294e-09
PRICKLE3,3.6770586575585185e-13
DHPS,0.893928380227788
FTSJ3,2.2451841275028528e-08
USP42,4.859078360567124e-06
IFI44,0.0004714503266141541
TMCC1,9.772863407420118e-09
MSI1,2.0232171493717033e-10
DAAM2,3.552713678800501e-15
CD300A,5.210085375739284e-07
SMUG1,9.07522945681194e-11
C11orf80,1.1727507853720454e-11
CXCR2,2.022026990289305e-11
OS9,0.07082612042920822
HNRNPD,6.3368066349767105e-09
PSMG1,4.798335086351337e-09
ATP8B3,8.398093875428003e-06
NUP85,3.6770586575585185e-13
NPIPA7,0.5655778099255286
VTA1,2.239985974483716e-12
CMTM3,4.834856894007243e-05
C5AR1,2.4868995751603507e-14
JPH4,5.610267805877811e-11
BARX2,7.65609797781508e-12
KIFC2,1.080529443697742e-09
TP63,3.0890845437170356e-12
SLC16A3,8.630484972549368e-05
ORC3,5.367254770405339e-06
PITPNM1,0.652772195247282
PDGFA,0.002049094724295486
CYP4F22,0.5918179227766114
EEPD1,0.1809254094373539
LAD1,6.590283874174929e-13
SMAD2,0.007158095833210254
TMEM105,7.946967700789287e-06
RUNDC3A,1.5961560961841315e-09
DPYSL3,0.2571237847552261
ID4,1.1467804483800137e-10
CASC5,3.552713678800501e-15
TMEM186,2.4721383162784605e-07
SP6,0.0013366032877885855
GCNT2,0.008587735636506721
CNTNAP1,0.00043263448054275955
ACACA,0.020665866669398625
TBC1D1,0.0024399375469918994
ADA,2.1246773229677274e-09
DMWD,0.16001685587048975
WDR6,1.0633089786438177e-06
AKAP9,1.5471859846627467e-06
GULP1,0.03205348601661129
PYHIN1,1.2141019567479816e-07
MON1B,9.0681719007971e-05
LILRB3,2.3242989444907054e-09
ZNF57,0.03048635454688231
VTCN1,1.0642100534141719e-08
ZBP1,0.13807290852462017
SERF2,0.9542249738357711
ZNF33A,0.1515030570827971
ITGBL1,0.0032054206503495664
ZFP28,2.9747345218211763e-05
PTEN,0.3840882494738521
CBFA2T2,3.256713547727941e-07
LPXN,2.994404724177002e-11
SOX7,2.6378053519238165e-08
PDK1,2.4868995751603507e-14
INO80D,0.000367116559868208
KDM3A,3.7055123414120317e-09
EDNRA,3.7055123414120317e-09
ANKRD13A,5.610267805877811e-11
SERPIND1,2.2601653881793027e-10
ATP6V0E2,0.06346609527860991
HECA,0.14333259515310637
MCU,0.00035222154756553437
LYSMD3,1.7763568394002505e-15
GMEB1,0.652772195247282
NPTN,0.07885790741956278
SDS,0.0033148150460355907
ERMP1,0.0001858580190070569
RAC2,7.723469384046666e-07
C20orf144,1.859966783257505e-06
FKTN,5.367254770405339e-06
TPSAB1,1.7763568394002505e-15
GSR,0.001539555129280501
ACAA1,4.440892098500626e-14
MARCKSL1,7.546860913976161e-09
MICAL3,1.34718902700115e-11
PWWP2B,0.004043947968749961
MORC3,0.019150523176083952
CCND2,0.8258163298101913
PPAPDC3,1.9767201369091936e-06
MAF,0.11393994202132163
SLC35F2,3.7055123414120317e-09
PRDM2,5.367254770405339e-06
ATP11A,1.1100954635085601e-09
FZD8,7.500770700019643e-05
LMBR1L,0.000246780511708058
CYCS,1.3149694666481082e-09
BRMS1L,0.0006612215517946563
AHDC1,1.8673260271384606e-07
C9orf72,2.2310435863204248e-06
TMCC2,0.07082612042920822
C8orf31,0.0032882124514687088
FAM83H,1.2434497875801753e-14
NCOA7,5.897913268881894e-10
FOCAD,0.04944640680060175
EMC1,3.6770586575585185e-13
ETV7,0.12799334338745183
TMEM192,1.0642100534141719e-08
SIAE,1.1727507853720454e-11
MTA3,1.7763568394002505e-15
RGCC,8.881784197001252e-15
ZKSCAN2,0.06346609527860991
BHLHB9,0.0027053239960554976
AMMECR1,2.6343371928305714e-12
CAMK2D,0.7160933233749613
ZNF286A,1.3874409509661354e-08
ASB14,1.1368683772161603e-12
COQ10A,2.1002898957789284e-06
METTL15,0.09178300325748355
RGN,1.7763568394002505e-15
LPAR1,0.6806447467771797
GPRC5C,2.1499046276574063e-07
CDC42SE1,1.6167306173795826e-05
RMDN1,0.14231459792438458
GLUD1,0.02603627408821327
IER5,0.0004696726052884277
C10orf35,1.4492140820721033e-09
PALM2-AKAP2,0.00043263448054275955
EXOSC7,0.06500342450687645
KLHL9,6.358623311442102e-06
CCDC88A,8.398093875428003e-06
COPE,0.0006207713421488847
CMPK2,1.080529443697742e-09
C1QTNF2,3.552713678800501e-15
RAB35,0.2866420365460076
FMO1,1.7686556243952408e-05
SERTAD3,0.00021178724761483636
EIF3M,3.0854181432005134e-09
SUV39H1,3.552713678800501e-15
HBA1,8.881784197001252e-15
ZBTB20,2.0810681753857807e-05
STXBP5,0.35217499509373695
ARHGAP39,0.0011471783973160399
OTUD3,0.017101069545240932
STAB1,1.507920117660433e-07
SCP2,1.0192735544478637e-11
ZNF791,0.021290171380317944
PDLIM7,0.41753538160102033
BAIAP3,3.818192634774675e-05
KLF5,1.8673260271384606e-07
SOBP,6.710043898294771e-08
LIN37,0.00784436585604098
ZNF19,7.151434999741468e-11
ATP2A2,1.7763568394002505e-15
FGF12,5.802245794939154e-09
SRFBP1,0.4843032319103049
VCPIP1,0.0248894036212789
HMBS,3.40367733997482e-11
SMAD3,6.220717985172541e-08
SSR4,0.028280122568276955
STXBP4,0.645875956795086
SYNPO,1.7763568394002505e-15
TRIM59,5.329070518200751e-15
KDM2A,0.27372721377670217
WHSC1,1.3535839116229909e-12
ZSCAN12,0.8109402812359416
TEF,1.5207189122179443e-05
CXCR3,0.0010105215969078707
RAB40A,2.630606843467831e-11
SLC4A1AP,1.098843115881768e-08
PEAR1,1.7763568394002505e-15
ZNF285,0.5272794190915597
RHBDL2,9.521272659185342e-13
AMFR,0.215052456193769
ACE,3.552713678800501e-15
NT5C3A,0.12316903051698347
CRELD2,0.0004153236253312542
MORN4,0.002049094724295486
PPP1R15B,4.521505763577238e-06
PPARGC1B,1.1467804483800137e-10
CACUL1,0.31832456588976044
NECAP1,0.031261656763490464
ZNF74,7.65609797781508e-12
THTPA,7.237197507947712e-10
MRPS12,2.0569458285737544e-09
SENP2,1.1727507853720454e-11
GSTA1,0.5335711137818162
EWSR1,3.902013387522206e-05
CREG2,3.863753761379485e-11
RAD23B,4.3508284630188264e-08
ZSCAN32,0.22231487615329293
LPAR5,4.2323393912317967e-07
CCNI2,3.0020430585864233e-13
PCDH18,9.915398697479816e-05
WNT9A,9.051156624195755e-08
NDUFB11,0.0009579035350854602
ZNF140,0.42072286282100535
IGSF8,0.00043263448054275955
RPL11,6.825250486741652e-05
FAM127C,0.09513333936720869
SEPSECS,0.07745545963487725
ASAP2,4.56562391448756e-07
ZHX1,0.09567713933073782
OPHN1,7.151434999741468e-11
TFAP2C,2.239985974483716e-12
USP6NL,0.7813934753886187
FAM105B,5.610267805877811e-11
C20orf196,0.13698297580214464
HPS1,5.318447904301138e-10
SALL4,9.769962616701378e-14
RSPH3,0.0002738644978439453
ACER3,0.0362699414949752
CTCF,0.09567919106665758
PCBP4,6.354784893858323e-07
C20orf26,5.7649630846867694e-08
HBP1,2.649707155910619e-07
WBP4,8.784112139892386e-07
LPCAT4,4.521505763577238e-06
AKIRIN2,0.0002211422351869885
ZDHHC21,4.521505763577238e-06
B4GALT3,7.151434999741468e-11
RPL27,0.11848533640686121
CCDC170,4.9604764740251994e-11
FBXO17,0.0005966978973450665
SEC11C,0.02616696817119646
RAB1B,2.3103200062738022e-05
GPRC5A,3.375077994860476e-14
WDR70,1.9326371614170057e-09
SLC38A6,0.054216182330456775
CFH,6.206318512269604e-05
DCTPP1,1.34718902700115e-11
ATP13A2,0.01407853473248366
ZNF831,4.945666454148068e-08
LMBR1,0.0009871220775430345
AJUBA,0.01806109651468013
SENP7,0.0009504084140701252
USP43,0.6185935400423848
IGFBP5,0.0021981232450851707
SLC38A5,0.5852066143769612
DRG1,1.0192735544478637e-11
ARL11,3.6770586575585185e-13
ZNF511,0.03049993330528615
FAM206A,0.0036632546526647047
SLX1A,0.0004506016805585489
C15orf38-AP3S2,0.036408540549869035
TNNI1,3.818192634774675e-05
NAA15,1.9077969426462005e-08
CASZ1,6.358623311442102e-06
RDH12,0.893447016970665
VNN2,1.7763568394002505e-14
C9orf9,0.00011130606325894513
PUM1,0.6947463342363385
ANGPTL4,0.27372721377670217
BAK1,2.7671672302807515e-08
ZNF428,0.19095974436218555
PDLIM3,2.5226754019058717e-10
ANKFY1,3.40367733997482e-11
SSR1,2.1246773229677274e-09
RBBP4,6.332136917803341e-05
PUF60,6.616929226765933e-12
RASA4,1.1467804483800137e-10
ACRBP,3.9920236538648624e-07
RGS1,0.26120880915335754
F12,1.7763568394002505e-15
MYEOV,2.6253872967106623e-09
TNFAIP2,0.04944640680060175
VNN1,0.006730459669450184
CAND2,0.0028898817115316027
COL6A6,9.769962616701378e-14
DPY30,1.098843115881768e-08
SUPT5H,0.010879562807692977
CYB561D2,7.94031507211912e-13
ARFGAP2,0.0032356328240802893
POP7,8.881784197001252e-15
AMY2B,2.630606843467831e-11
POLR3GL,3.552713678800501e-15
C1orf50,0.7304479390240814
NDNL2,1.5455144710708664e-05
TM2D1,0.0021981232450851707
OSBPL10,0.004801496609885659
PDE8B,4.440892098500626e-14
NFE2L1,2.3068974657647345e-05
GRHL2,5.861977570020827e-14
SMO,6.590283874174929e-13
DMTF1,0.014479791748943427
SPAG9,2.82830745792495e-05
SDSL,0.001909205638362721
SGTB,1.4543591948523726e-06
BRD8,0.060701401498306495
C21orf59,0.5024899674262855
TRIM13,1.4032918471684752e-07
ARFIP1,4.7318015078691005e-05
CCDC176,1.4492140820721033e-09
LGALSL,1.5471859846627467e-06
TPK1,1.7763568394002505e-15
KCNMB1,2.9747345218211763e-05
TCTEX1D1,9.521272659185342e-13
NHLRC4,3.1004179851351556e-08
TADA3,1.859966783257505e-06
ARHGAP11A,3.552713678800501e-15
ZNF589,0.02237794255729675
INPP5D,3.134559278805682e-10
RIMS3,2.2310435863204248e-06
RNF41,3.0020430585864233e-13
AAAS,2.1246773229677274e-09
VDAC1,9.07522945681194e-11
NDUFS2,3.281330561639642e-08
ZNF264,0.05803543429142444
FAM188A,1.7763568394002505e-14
TP53,0.0005734773907004609
GPR143,0.0033148150460355907
NAPG,0.03996834652842374
EPM2AIP1,2.5633326572460646e-09
NXN,0.031261656763490464
UBAP1,0.002454043088940096
EYA3,0.008587735636506721
TMEM130,9.772863407420118e-09
VCP,0.000202796732962085
NFIC,1.260182003193222e-08
LINGO1,2.070065541204258e-08
LCORL,0.03453081197041463
FBXO46,1.8673260271384606e-07
CSTF2T,0.4586489068506038
PTPRH,4.218847493575595e-12
TMEM194B,8.70153822803599e-07
IMPA1,0.6185935400423848
RANBP9,0.39349457563481494
NAPEPLD,0.0002738644978439453
NEBL,1.7763568394002505e-14
MAP3K2,0.04294367729928261
AMN,0.0009871220775430345
PIEZO2,3.6770586575585185e-13
CD47,5.7295591132679196e-05
PLAU,1.9539925233402755e-13
REEP4,3.6770586575585185e-13
MAGED4B,7.638334409421077e-14
MED28,0.10110987171644048
CHCHD4,0.028256978552906986
SBF1,7.239255257474042e-07
SLC30A5,0.0021981232450851707
GYS1,1.5448975432263978e-11
MCMDC2,2.5156639491541455e-06
UVSSA,0.10525460779046192
KPNA1,1.7763568394002505e-14
RIN3,8.881784197001252e-15
SLAMF8,0.006525205201144857
CIRH1A,2.070065541204258e-08
TMEM64,1.3667570399888973e-06
DLGAP4,0.6596977023333945
PLCB1,2.6378053519238165e-08
CTHRC1,2.433608869978343e-13
SIM2,1.6058265828178264e-12
ASGR1,9.785132704109856e-10
NUTM2G,0.1450394742666809
NUDT2,0.013439608424081387
ADRA2A,6.725303951071737e-06
ZNF785,0.1713894004687968
UBP1,1.9077969426462005e-08
ADCY9,1.7763568394002505e-15
NOP2,3.6148861681795097e-12
ADCK1,0.9237813566146151
PPP1R9B,0.0027053239960554976
RGS16,1.02597616190337e-05
NYNRIN,0.31745420660808255
FAM76B,0.008085622213709343
SUDS3,1.757493883758343e-08
TMEM159,8.403119267086367e-08
UBL7,1.0
UBASH3B,3.0020430585864233e-13
MOCOS,0.00046924742287757226
TRIM22,1.7763568394002505e-15
APPBP2,0.8258163298101913
SNX22,3.552713678800501e-15
C21orf58,1.0
CCDC65,2.239985974483716e-12
COQ2,0.645875956795086
PRODH,1.260182003193222e-08
GPR18,0.0005966978973450665
RPS6KA1,1.7763568394002505e-15
ZC3H7B,0.033687793845592395
RRNAD1,0.23455706834742884
BRCC3,4.696732589550205e-07
RASGEF1B,6.616929226765933e-12
LRP6,0.04830953815983641
PSTPIP1,0.022974872408266123
COX7A1,5.610267805877811e-11
RYBP,2.433608869978343e-13
KIDINS220,1.2965142769161275e-05
DOCK2,1.2568067208130598e-09
SAE1,3.6148861681795097e-12
GNB5,3.486415511844143e-07
STX17,0.01186723909238907
CDKN1B,0.16588679879439283
KIAA0141,1.7763568394002505e-15
ZNF644,0.5086300594933544
CDK6,9.07522945681194e-11
CASC1,7.237197507947712e-10
ATF7IP2,0.03539128818219465
OGFOD3,0.018323990193411514
PYROXD1,0.5148085516941183
KIF7,2.070065541204258e-08
AUH,2.36936675790389e-06
CDK4,5.329070518200751e-15
GNG11,1.7763568394002505e-15
BAMBI,0.8482444441392172
ULK1,7.237197507947712e-10
GPR116,1.7763568394002505e-15
SIRT3,0.012568191503659065
CEP192,0.00032407658280853013
DAP,0.016742039297852555
PLA2G5,7.151434999741468e-11
GTF2IRD2,4.878706765687468e-05
TFPI2,0.09709384967839618
UBE2A,0.00010867611974241242
CRAMP1L,0.4707994763603818
PPP6C,0.29397584825909095
ERLIN2,0.00010867611974241242
TMED8,0.190849824375403
RARS,6.79884997479191e-08
POMP,0.4843032319103049
ZNRF1,2.434094703573919e-08
GRIPAP1,0.001698133082506086
KIAA1683,1.9539925233402755e-13
SLFNL1,1.0192735544478637e-11
PRRT3,0.05178623002471738
CDC123,1.192391962945294e-09
FAM120C,2.8391607465039215e-07
KIAA1279,0.007380741603101981
EED,4.440531498062228e-09
TMTC1,0.3575075705177627
ZNF281,0.174987615360088
TMC8,1.206143563692308e-06
SAMD15,1.0
CHST15,0.15430250303892734
MED4,0.1725239987310878
ZNF391,0.08760075247442067
SLC30A6,3.863753761379485e-11
SH2D4B,1.2434497875801753e-13
PSMD5,0.060701401498306495
CTSG,1.616786704516926e-10
WWP2,3.375077994860476e-14
TMEM119,3.489741828843762e-10
ST3GAL6,1.3535839116229909e-12
GPR125,1.34718902700115e-11
MALL,1.4432899320127035e-10
TLCD2,1.1368683772161603e-12
HFE,0.03048635454688231
ALG2,4.56562391448756e-07
EMILIN3,2.8789331400735218e-05
CXCR6,0.0002409992117797799
STOX2,0.0002624791416003802
MAMDC2,3.375077994860476e-14
LEPREL4,1.7763568394002505e-14
PIAS3,1.3874409509661354e-08
B3GALNT1,1.603124333549033e-05
THBS2,9.521272659185342e-13
PLOD3,0.0036632546526647047
AHCY,1.1100954635085601e-09
ZNF226,0.0006715891126169993
COPS5,3.006746544187422e-06
APOBEC3F,0.0003825853095680287
MAP3K8,1.7763568394002505e-14
TMEM251,0.7091309176902658
PHLDA1,0.01574343835962111
RGS11,5.802245794939154e-09
ADCY1,0.8258163298101913
ZNF740,0.0004506016805585489
PIK3AP1,7.151434999741468e-11
KDELR2,4.880519277605799e-07
TMEM79,1.7763568394002505e-15
NUDT5,3.40367733997482e-11
C1orf162,3.552713678800501e-15
PSMD3,1.7763568394002505e-15
MICB,0.007158095833210254
TMEM106B,1.1649791822449417e-08
ORC5,1.7763568394002505e-15
LMF2,0.27372721377670217
IRF1,3.3822118439275073e-09
FRMD4A,0.00014770720303157898
CCDC13,3.552713678800501e-15
CLEC4D,2.433608869978343e-13
DNASE1L3,2.6343371928305714e-12
NLRP6,0.00028252549055402703
TTC13,0.2910353177271219
NUBP2,3.7312124412380854e-07
TRAM1,3.375077994860476e-14
FAM220A,1.2434497875801753e-14
SEC24A,0.6806447467771797
C21orf91,0.000367116559868208
PLBD2,0.09567919106665758
EIF5A,2.630606843467831e-11
TPGS2,0.00012073477618747206
RPP38,0.29397584825909095
UBE3A,0.002614123910062105
HS6ST2,1.9326371614170057e-09
DNAJB2,0.000796839597949853
HKR1,0.30905100446984335
MTM1,2.6343371928305714e-12
P2RY10,5.9166993136017254e-05
SNRPD3,2.469821580660498e-09
MORC2,1.7763568394002505e-15
CXXC4,0.007158095833210254
RFNG,0.24122024636948858
ATXN3,5.9166993136017254e-05
PVRL3,5.6804637029728156e-06
TNS4,1.7763568394002505e-15
ZNF415,5.215646012857178e-07
GRSF1,2.414437314315889e-05
WDR73,0.0894381024777875
ITGB1BP1,0.001539555129280501
APTX,3.9920236538648624e-07
WIPI1,0.000489336412944435
ZNF211,0.004043947968749961
ZNF773,0.8707939059443142
SLC43A2,5.329070518200751e-15
USP11,0.004912360514200742
OLFML3,1.2434497875801753e-13
SERPINB1,0.0004153236253312542
RBMS1,1.1326234101716182e-06
RBFA,0.0054056035788701
PCDHB12,1.9760169596594324e-05
GINS2,1.7763568394002505e-15
MEX3B,1.3874409509661354e-08
SH3BP5,1.7763568394002505e-15
SPATC1L,7.723469384046666e-07
IL18BP,1.5961560961841315e-09
PRELP,4.218847493575595e-12
PARD3B,7.151434999741468e-11
E2F1,4.4941828036826337e-13
SPATA25,0.006730459669450184
USP18,0.16588679879439283
RAB17,1.7763568394002505e-15
RNF113A,0.02420949942225903
WISP1,1.1727507853720454e-11
ARHGAP17,1.1100954635085601e-09
PGM1,1.34718902700115e-11
MCRS1,0.060701401498306495
C1orf53,0.05935623218713815
UPK3B,1.7763568394002505e-15
C9orf64,0.0014846473444478647
NEK10,7.4204957343550715e-06
FOXO4,1.5961560961841315e-09
TRAPPC11,0.0024399375469918994
CPT2,0.0013800985654270903
PPIB,0.0002624791416003802
ZBTB18,7.861200783665367e-05
TMED7,9.051156624195755e-08
APAF1,1.158324636207908e-08
C10orf128,1.7763568394002505e-15
ELFN1,0.020665866669398625
TM7SF2,0.00021178724761483636
TDG,1.2434497875801753e-13
FARP2,0.04193213473556767
IMPG2,0.46022518283838443
MORN2,0.03205348601661129
SPTLC3,3.552713678800501e-15
FAM134A,0.12316903051698347
YY1AP1,0.011529687649083797
PCDHB2,0.46647302992520423
EXD2,0.0004213839454506378
AFAP1,0.0009149367393188612
GPATCH2,1.1467804483800137e-10
IGFBPL1,0.3230277659528582
RNF122,5.318447904301138e-10
NR2F2,1.757493883758343e-08
STT3B,0.00025655038305573007
CCT6B,0.7540225300620748
FAHD2B,0.0001309003700148817
NOG,0.0024399375469918994
PRR13,8.008242957657785e-10
ADRB2,1.7763568394002505e-15
EFNA3,1.7763568394002505e-15
KLHDC8A,0.0007549339759211904
MBLAC2,0.012568191503659065
NEIL2,0.039015525521861605
HIGD2A,0.01806109651468013
ATP6V1F,0.8858855663449852
DGAT2,0.07580017458236125
RNF31,0.3374027667706141
STAT1,0.04830953815983641
BCL7C,0.0008156048825487261
RPL13,0.6253677971440439
NPTX2,0.00035222154756553437
SLC41A1,7.237197507947712e-10
HKDC1,0.0006457255474483503
GOLGA2,0.3370955460861095
CAMK1G,0.021290171380317944
MROH6,0.01201539412868495
OVOL1,2.4868995751603507e-14
STK35,6.616929226765933e-12
QPCT,0.969474172425139
CSRNP1,8.881784197001252e-15
FJX1,3.6148861681795097e-12
RNF168,1.9539925233402755e-13
ANKRD53,0.0008475708983652908
BORA,8.881784197001252e-15
CBS,3.128163219123792e-05
DIRC3,3.486415511844143e-07
KSR1,0.0015282107279881753
SLC4A3,5.707434524993005e-12
SIAH1,0.007609452352863144
PPP1R10,0.008911805453417387
MARCH7,2.36936675790389e-06
HCK,6.535714192068554e-10
PPP1R12B,4.4941828036826337e-13
EHD1,6.616929226765933e-12
TOR1AIP2,0.01574343835962111
CYFIP1,0.5019387498867459
TBCCD1,3.6770586575585185e-13
DHRS11,7.546860913976161e-09
MATN2,0.045027510990479414
USP34,0.00046924742287757226
GTF2B,1.260182003193222e-08
EID1,8.192104582609e-09
RPRD1A,0.0008766986740924103
TMED10,8.689349220288216e-09
ZBTB17,0.40060209941233316
PAQR7,8.237559280566131e-05
IFT43,0.25308251223662737
BICD1,6.616929226765933e-12
ELAVL1,3.8819791825517314e-10
TOP3B,5.3406212785489515e-08
COPRS,0.4843032319103049
ALKBH7,0.002996250182501825
DTD1,2.2310435863204248e-06
PTH1R,6.337863567296154e-11
GTF2A1,8.398093875428003e-06
RFC1,0.34720687274462314
HINT1,0.8190327680881394
TGIF2,2.3709430019433458e-07
TAF1D,2.434094703573919e-08
PRKCH,1.7763568394002505e-15
SENP1,4.218847493575595e-12
BOC,0.5808970709830756
DBR1,0.0006207713421488847
ENDOU,0.056738698656332076
SRRT,1.1368683772161603e-12
SPCS3,0.00021952363592534022
TBC1D10C,1.2434497875801753e-14
SIK1,8.87296791773906e-06
DZIP1L,0.18125476399734453
KRT19,8.008242957657785e-10
CYP1B1,0.060701401498306495
SLC4A11,1.8989254613188677e-12
SULT1A1,1.7763568394002505e-15
ZNF438,8.881784197001252e-15
SEC14L6,1.7763568394002505e-15
TCTN3,4.788532343980023e-06
TATDN2,0.006131180232502587
BZW1,5.070202146129077e-06
CAMSAP2,0.14601836144972324
TUBA8,0.766732668436843
SETDB2,4.9604764740251994e-11
BIRC3,1.507920117660433e-07
FAM168A,0.7018365959451138
OPA3,0.5462652589115535
TOB1,6.354784893858323e-07
MKL2,9.898605478397826e-06
IGFBP3,2.8132163265581767e-10
TSLP,0.6185935400423848
CDC25C,3.552713678800501e-15
CXCL11,0.8258163298101913
USB1,5.951474850718341e-07
STAP2,1.7763568394002505e-14
HBB,1.7763568394002505e-15
HDHD2,3.128163219123792e-05
GSTM5,1.7763568394002505e-15
SLC44A3,2.4868995751603507e-14
RAD50,0.3829036913273498
SH3BP5L,0.00045413862288855376
VLDLR,0.6666519727454681
ACTR2,0.005267286497447819
AARS2,4.945666454148068e-08
MDH2,3.375077994860476e-14
TMEM107,0.00028808063448340003
TOR1AIP1,4.9116266609416925e-12
MURC,0.010261609457190346
PSMD2,1.7763568394002505e-15
LONRF3,3.375077994860476e-14
PRR24,5.951474850718341e-07
SLC6A8,1.7763568394002505e-15
TNFSF9,0.2866420365460076
ZNF707,1.7805245978053108e-05
MNS1,0.0024399375469918994
SRPRB,4.8571529021046445e-09
MMACHC,1.5961560961841315e-09
C1orf74,1.7763568394002505e-15
HK1,0.0007847371187263974
PCDHB16,0.06207125225267518
FBLN5,3.552713678800501e-15
TAF1B,2.0810681753857807e-05
LRCH2,8.881784197001252e-15
ENKD1,5.610267805877811e-11
SUZ12,9.997117558677227e-08
ABCD3,8.008242957657785e-10
BOD1L1,0.014206145404539388
SNAI3,1.1368683772161603e-12
SLC35C1,0.00014903614355255002
DNPEP,0.7729844441761172
CLASP1,2.305757291765076e-07
BAG2,0.2268179797206532
RB1CC1,0.033687793845592395
RAP2C,0.7232586770768918
HMGN5,0.006730459669450184
PLOD2,5.707434524993005e-12
RBL2,5.707434524993005e-12
TRMT6,2.6253872967106623e-09
KYNU,0.14601836144972324
UQCC2,9.07522945681194e-11
PLD6,2.305757291765076e-07
KCNK17,2.239985974483716e-12
SCPEP1,0.006525205201144857
RPS21,2.9747345218211763e-05
SPECC1,0.15714035289247086
TMEM108,2.9747345218211763e-05
MYO15A,1.6910679632484672e-05
BCAS3,0.3724861917482851
RNF135,0.14231459792438458
RNF170,0.9607884555494872
PLK2,0.006730459669450184
PODN,7.151434999741468e-11
AGPAT1,0.01235830417095222
ZNF133,1.9767201369091936e-06
KXD1,0.02237794255729675
ARHGDIB,2.3080204414327454e-11
CUX1,0.00021952363592534022
H2AFY,0.12316903051698347
METAP1D,1.6183291151605772e-08
STIM2,0.7232586770768918
ZNF121,1.158324636207908e-08
DNAJC25-GNG10,0.5146929328233778
MRPS9,1.0490046520317264e-07
LMLN,3.141720894569594e-05
CTNNBL1,0.9542249738357711
PDZD8,0.28229295463063053
EGFL8,2.4721383162784605e-07
CHPT1,6.616929226765933e-12
NUMA1,0.0010251160635235124
SKAP2,4.218847493575595e-12
PTPN7,0.3776732059941086
TMOD3,3.623269506647375e-08
SMARCC2,0.09709384967839618
CD1D,1.6183291151605772e-08
ITPK1,4.4941828036826337e-13
GET4,1.34718902700115e-11
NAP1L5,4.945666454148068e-08
TNFRSF17,0.8258163298101913
TSPAN1,0.064886242135481
IBTK,1.1326234101716182e-06
SNX24,3.134559278805682e-10
PAFAH1B3,3.552713678800501e-15
WDR86,0.19768517280817643
BBS5,0.0011051033525024678
MEN1,6.590283874174929e-13
EXOC4,0.02122367163684835
SUSD3,0.07082612042920822
NMNAT3,1.616786704516926e-10
MET,0.06428354140315629
EDEM3,0.13807290852462017
PTMS,0.18125476399734453
MRPL46,1.0
PPM1H,0.023585311964122724
PARG,3.623269506647375e-08
GSE1,4.880519277605799e-07
CCDC112,0.00784436585604098
RWDD2B,0.10110987171644048
TANGO6,0.004043947968749961
C16orf89,1.7763568394002505e-15
C14orf142,1.1033688904760197e-05
AGFG1,0.7017413828323193
HLA-DMA,3.552713678800501e-15
SNX9,0.011529687649083797
NIT1,0.2695104487517437
DENR,5.861977570020827e-14
L3MBTL1,0.017101069545240932
MCM6,1.2434497875801753e-14
CHTF18,3.552713678800501e-15
CD34,1.7763568394002505e-15
PCDHGA10,1.2965142769161275e-05
SCML2,1.3667570399888973e-06
BSN,0.06780369678404519
YPEL2,2.434094703573919e-08
LSM2,2.3344064459251967e-09
CSNK1A1,0.029727315082014982
ARID5B,0.0013800985654270903
CDH5,1.7763568394002505e-15
OLFML2B,0.038081706053025854
LYPLAL1,0.1329605561585705
SRRM5,1.9326371614170057e-09
RASGEF1A,5.374574670646837e-05
GDPGP1,0.9771032283055696
PET117,4.011462634423424e-05
PNPT1,9.769962616701378e-14
KIAA1211,0.10737600575610173
ATL1,1.9326371614170057e-09
GRAMD1B,0.00028808063448340003
STEAP4,1.7763568394002505e-15
CAST,8.630484972549368e-05
DCTN4,1.2965142769161275e-05
SOWAHB,0.14874176207376877
FAM136A,9.769962616701378e-14
ZNF77,0.0006983914307809869
PCBP3,0.1534540359771371
SRRM1,0.8482444441392172
PMAIP1,4.218847493575595e-12
DBNL,0.004107386449720573
SYT11,8.237842195057965e-07
MPI,3.801371960321376e-06
ZNF607,0.000437493068402498
PELI3,0.037166605079788084
ABHD14B,8.842704346534447e-12
MARCH10,2.931003305984109e-07
ZNF469,3.007600419210076e-05
ANKRD40,2.5226754019058717e-10
ACOT7,6.337863567296154e-11
ENC1,0.28229295463063053
DAK,1.1727507853720454e-11
ZNF575,0.14874176207376877
ERBB2,0.017101069545240932
MTRNR2L8,0.026848578410895385
MYO19,1.7763568394002505e-15
MAFB,0.25059205068568424
DTX1,0.12678346096618878
ZRANB3,8.881784197001252e-15
TRAF6,2.070065541204258e-08
USP6,0.0001858580190070569
CDCA7L,9.898605478397826e-06
MRFAP1L1,0.004912360514200742
RAB12,0.08760075247442067
TEX10,9.07522945681194e-11
EBF1,1.1467804483800137e-10
C11orf24,1.7568968502246207e-09
NDUFB7,0.23455706834742884
KCND2,3.7055123414120317e-09
UCHL5,8.881784197001252e-15
QPCTL,4.2525537003056026e-05
ACBD7,0.12080975020940343
CREBRF,1.8989254613188677e-12
FHL5,1.7763568394002505e-15
MDM4,0.8035269768960163
ARRDC2,4.218847493575595e-12
RPL15,0.021794286702137455
COPB2,1.8989254613188677e-12
XPO5,1.7763568394002505e-15
TUB,0.49032624846387485
ANKRD22,1.0192735544478637e-11
USE1,0.017575449774248852
PIH1D1,0.00011374680137699045
DVL1,0.6253677971440439
CDC14A,3.233896425350404e-08
DPT,1.0206946399193839e-10
SMPDL3B,0.0003107899432901462
SAMD8,0.5019387498867459
MT-CO2,0.0022762251098509267
CSTF1,6.08284202631344e-07
ZNF746,0.009674503529771172
PCDHGB2,0.06207125225267518
SNAP29,0.0002409992117797799
C6orf106,0.002896310240339872
MPP5,3.375077994860476e-14
MESP1,0.00779317950634905
NHLH1,0.26120880915335754
PENK,0.014890897756602683
PABPC3,2.239985974483716e-12
KLHL20,0.0008156048825487261
RPL18,0.001282241835095732
QKI,5.707434524993005e-12
METTL10,0.10816671144664093
RNASE1,1.7763568394002505e-15
OSBP2,1.4032918471684752e-07
GAMT,1.158324636207908e-08
TRPS1,2.3344064459251967e-09
TRIM17,6.358623311442102e-06
DUS4L,3.375077994860476e-14
RNF34,2.2310435863204248e-06
SERPINB6,1.7763568394002505e-15
SLC7A6,0.004512023546399982
HIF1AN,2.9747345218211763e-05
OMG,1.5448975432263978e-11
TRIM62,0.006525205201144857
ZNF394,0.03453122676670225
HGSNAT,0.029727315082014982
SHC3,9.769962616701378e-14
PICALM,0.0003378810943459598
SNCA,0.6118509675549912
CYB5B,0.011036728173068493
ADTRP,1.3149694666481082e-09
IRF2BP2,0.8931744643753005
TLK2,0.0005294876867694143
PTGES3L,0.0017779629774352657
DDX3X,3.827824777326313e-06
PDK2,1.6198182883897516e-07
NLRP3,4.440892098500626e-14
PGBD2,0.878334307774896
KRBA2,1.603124333549033e-05
STK10,7.638334409421077e-14
LIF,0.006525205201144857
MYO1H,0.916185835362695
KCNN2,7.546860913976161e-09
THUMPD3,8.630484972549368e-05
ATAT1,9.898605478397826e-06
NDUFC2,0.0002993734074072502
CPEB3,1.7763568394002505e-15
ASB13,0.2588873204216142
NUPL2,4.792291008470784e-10
MSRB2,8.398093875428003e-06
ALG10B,9.154669326077119e-07
ZFP41,1.1326234101716182e-06
CD2BP2,0.0021981232450851707
TTC17,2.2310435863204248e-06
ZNF677,0.0002409992117797799
EFCAB4A,3.0412363649645613e-07
LY6K,1.2434497875801753e-13
C19orf54,0.09130577606126522
ANKRD28,2.8132163265581767e-10
CNOT4,0.5086300594933544
NDRG4,0.7304479390240814
WNT2B,0.069465337533249
CALM2,2.2451841275028528e-08
MALT1,1.6709547983259312e-06
TCEB3,0.0017574635911406268
PURA,7.546860913976161e-09
SPDYA,4.578190981874286e-08
HS3ST3A1,3.0412363649645613e-07
FBXL18,8.970399534291573e-09
KCNA3,1.7763568394002505e-15
DHDDS,0.878334307774896
KRR1,8.881784197001252e-15
VPS33A,9.915398697479816e-05
KPNA2,1.7763568394002505e-15
SYF2,1.4422642710343325e-05
UBR5,5.897913268881894e-10
HECW1,1.8094681308866711e-10
NDUFAB1,4.2364032282193875e-08
RNASEK,5.610267805877811e-11
VTI1B,0.5786292137562761
LAMTOR5,0.05809775069378956
ALG8,1.080529443697742e-09
ZNF34,3.256972826422328e-07
MRPL44,0.0011471783973160399
AAMDC,3.7055123414120317e-09
TLN2,0.0018425334424101436
IFT74,0.00046924742287757226
DNASE2,0.13549845162767582
ZNF461,0.20827143449080732
ZNF783,0.01574343835962111
SLC25A10,1.7763568394002505e-15
IRF9,4.011462634423424e-05
FBP1,1.7763568394002505e-15
PDE9A,0.038081706053025854
SYCP2,0.0002857006608838475
ZNF423,1.9149596803908824e-07
EPS8,0.007609452352863144
CXorf40A,0.1506088916778838
YWHAG,1.1368683772161603e-12
KAT8,4.218847493575595e-12
C9orf78,0.0027053239960554976
ZNF805,0.09660096699594527
CCNJL,3.6770586575585185e-13
HSPB8,3.552713678800501e-15
SEC62,0.5146929328233778
PTPRC,1.7763568394002505e-15
CKAP5,8.881784197001252e-15
CD244,2.4868995751603507e-14
RAB18,0.0009871220775430345
PMPCB,0.07719592312590784
TARBP2,1.4492140820721033e-09
TSC2,0.005431391178798076
GPR161,1.0642100534141719e-08
RTEL1,6.206318512269604e-05
TNKS,0.8332778036429911
IL18RAP,9.521272659185342e-13
RBMS2,5.329070518200751e-15
TTC9C,0.0021224348550905603
HOMER3,1.4432899320127035e-10
MAPK8,0.026731678648024063
S1PR2,7.546860913976161e-09
ACAP3,0.0002308749851795966
ZNF280C,1.7568968502246207e-09
ERCC5,4.2364032282193875e-08
CLCNKB,2.2451841275028528e-08
SIX1,2.070065541204258e-08
RWDD1,0.002335397552008401
ZSCAN5A,0.6596977023333945
LTN1,0.2695104487517437
TTC18,3.3822118439275073e-09
SLC5A6,3.552713678800501e-15
CCDC90B,0.0008806696990912855
ARMCX1,5.897913268881894e-10
CTNNB1,9.449336773381125e-05
CXCR1,1.6058265828178264e-12
LONP1,1.1727507853720454e-11
PARVB,0.009116960633276605
TNKS1BP1,0.7594325529338448
GALNT12,8.060396794462577e-11
ABCA7,2.649707155910619e-07
CC2D1A,0.006715394090910308
GPAA1,0.0001732697084248276
EFCAB12,2.0232171493717033e-10
LYSMD1,2.239985974483716e-12
SNED1,1.5631940186722204e-13
PMM1,1.080529443697742e-09
FHAD1,5.6804637029728156e-06
C3orf80,0.7961309923635564
LYRM5,1.720002004155735e-07
IBA57,0.2260100302518655
ADAMTS4,0.004757046552823496
ZCCHC18,0.019667016720083298
EI24,1.9077969426462005e-08
CST7,2.994404724177002e-11
RAN,4.4941828036826337e-13
SSTR2,0.5852066143769612
SSFA2,0.0001858580190070569
SEMA5A,5.802245794939154e-09
GPS1,2.2451841275028528e-08
SPI1,5.329070518200751e-15
CIAO1,3.0854181432005134e-09
PTPLAD2,1.7763568394002505e-15
FNDC4,0.0017779629774352657
DDX1,2.81308842886574e-09
CYSTM1,1.7763568394002505e-15
RASIP1,1.8989254613188677e-12
SQSTM1,0.0005086665780176247
TEP1,0.056738698656332076
CDKN2C,0.13045894629165566
CLPTM1L,3.006746544187422e-06
PCDHB13,0.49032624846387485
FKBP10,2.2479840144076458e-07
CEP135,0.010879562807692977
KPNA6,0.03539143616493412
GPR162,1.616786704516926e-10
HYKK,0.02237794255729675
TAS1R3,0.06646482620734323
RNF25,0.011516326298677156
SEPT3,1.4032918471684752e-07
LAMB1,0.7160933233749613
SLC9A5,0.01330480151673541
CPOX,5.329070518200751e-15
SENP6,0.006525205201144857
RPS15,0.00939211543820484
CHAC2,1.3149694666481082e-09
TGM1,0.44326672141018975
TUBA1B,2.2451841275028528e-08
ARL6IP6,5.318447904301138e-10
BATF2,2.5226754019058717e-10
RPL23,0.3988547028530327
INHBB,0.3988547028530327
RPL37A,0.11393994202132163
TFEB,4.9116266609416925e-12
CGREF1,4.218847493575595e-12
RPS24,0.7376605378038441
MGAT4A,3.863753761379485e-11
FAM124A,6.337863567296154e-11
MIF4GD,0.05809775069378956
ELMO2,0.0006207713421488847
CPD,0.0001628744437223162
LOXL1,6.917133532624575e-09
SRP9,3.157372805244777e-06
MRPS33,1.2871659293978155e-10
UCHL1,1.1727507853720454e-11
NPIPA3,0.05803543429142444
MFGE8,0.5210251168620434
TTC30A,0.041929242456154064
TGFBR3,3.863753761379485e-11
SLC10A6,0.0009149367393188612
NSRP1,2.022287548102613e-05
ZNF460,0.21866240175859453
HESX1,0.9237813566146151
ZKSCAN7,0.0011051033525024678
PHF2,3.736788857144056e-05
KIAA1432,0.033687793845592395
ZNF789,0.004912360514200742
FAM46B,1.0206946399193839e-10
MTHFR,1.7763568394002505e-15
MEIS3,0.005951765777890864
ZNF467,8.22989321136447e-09
ZADH2,0.17191424676435396
ARHGAP19-SLIT1,0.011200519477185367
HYI,1.1100954635085601e-09
HHEX,2.2451841275028528e-08
DEF8,0.03286210881230289
CHMP4A,0.5786292137562761
SETD2,4.2364032282193875e-08
B3GNT7,2.2601653881793027e-10
TAB1,0.7961309923635564
TERF2,0.22974800885474522
ZNF562,0.012213348101271393
C19orf55,0.0032054206503495664
AKAP3,0.004459422606641894
AGO4,2.649707155910619e-07
FAM221A,0.02237794255729675
ZNF775,0.30322364806574953
MINPP1,0.06207125225267518
SPATA7,2.9291979591968343e-08
BEAN1,0.43191110415215306
PRSS35,4.2364032282193875e-08
CTDSP1,9.215887201256198e-09
KIAA1024,1.5581270819808626e-08
CFLAR,4.440892098500626e-14
MS4A15,1.7763568394002505e-15
FUNDC1,8.02500876772779e-08
NBPF14,0.0005294876867694143
RIMBP3,0.06633200503891068
SLC41A2,9.051156624195755e-08
EPC2,0.0006715891126169993
PDPN,0.8332778036429911
ALKBH1,0.893447016970665
C14orf93,0.452640171506663
SLTM,0.5272794190915597
LUC7L3,0.6051405400941228
QARS,0.004512023546399982
PPAPDC1B,0.0003825853095680287
ADRBK1,0.3374027667706141
RHOBTB3,0.00037631805527393874
ST7,2.239985974483716e-12
CD99,0.650835426431331
GOLT1B,1.0490046520317264e-07
C1orf112,1.7763568394002505e-15
FOXRED2,1.5448975432263978e-11
MRPS10,1.9149596803908824e-07
LRP11,3.288899332076767e-05
PAK4,0.4407571178182137
ADM2,1.0206946399193839e-10
MRPL49,0.9642963560753534
SLITRK4,0.8258163298101913
EXOC3L1,1.7763568394002505e-15
BOP1,3.552713678800501e-15
PSMD4,1.2434497875801753e-14
TFB1M,0.0017779629774352657
NUDT16,7.723469384046666e-07
PFKP,2.4868995751603507e-14
FHDC1,2.8573925447972215e-08
ESAM,1.7763568394002505e-15
TMEM167A,5.367254770405339e-06
KLF2,3.552713678800501e-15
POLR2D,6.616929226765933e-12
MRFAP1,0.00032407658280853013
UBE2D4,2.022026990289305e-11
SNW1,0.0021981232450851707
RPL22L1,2.8573925447972215e-08
RBM14-RBM4,0.008587735636506721
DPH2,2.4868995751603507e-14
NSF,0.00382376922951213
TSPAN33,0.00015581408102782746
ZNF552,0.0006983914307809869
SRP14,0.00011903464815610221
USP14,5.453415496958769e-13
CIR1,3.006746544187422e-06
EEFSEC,6.08284202631344e-07
C1orf54,7.65609797781508e-12
RAF1,2.239985974483716e-12
UTP23,2.36936675790389e-06
PYCR2,9.316205847071526e-05
C16orf52,0.040940454006349825
MRPS22,2.630606843467831e-11
SIN3A,0.0008901641446254349
CPSF4,1.7763568394002505e-14
TMOD2,4.268415494834699e-06
HBEGF,8.855280952957401e-10
ENTPD4,0.01531204751384152
MXD3,3.486415511844143e-07
CCDC41,0.004512023546399982
SGOL2,1.7763568394002505e-15
LRRC23,6.78354924232849e-07
GMPPA,0.003099259960384515
SRA1,0.09767220535229809
ECM2,3.552713678800501e-15
SERPINA1,1.7763568394002505e-14
PRSS36,0.19095974436218555
GUSB,1.9767201369091936e-06
BRSK1,2.3080204414327454e-11
LRRC17,0.2910353177271219
ZNF117,0.3733140173091627
SCAMP4,3.0898402931973726e-07
GFPT1,0.0001302957841744501
CDKN2B,0.0005510827602233093
SPN,1.7763568394002505e-15
TEX14,4.9604764740251994e-11
ZNF574,0.003083186090907954
SP4,0.05181156528800345
SSB,4.8571529021046445e-09
NCOA4,2.022026990289305e-11
MCTP1,7.65609797781508e-12
RTCA,0.00040583008699464487
C16orf87,2.2479840144076458e-07
CNPY2,1.6455253124547653e-06
C2CD2L,2.470379346475543e-09
MAFK,6.354784893858323e-07
MYO10,0.08054833435456032
MRAS,6.860708631977539e-09
KCTD3,0.004316904154682888
CD300E,4.440892098500626e-14
GRHL1,1.7763568394002505e-15
TRMT10A,0.0032054206503495664
TMEM173,5.861977570020827e-14
NIPSNAP3B,0.0027053239960554976
SLC25A19,0.016393658413363075
HCLS1,0.00012454807471407037
TOM1L2,1.9628073058601173e-08
LDLRAP1,0.022974872408266123
S100A6,5.9166993136017254e-05
SNX7,0.14601836144972324
SAMD11,1.0451820186219152e-05
WNT10B,1.9767201369091936e-06
SNX25,1.7763568394002505e-15
CTSA,0.16588679879439283
NSMAF,0.45864612816427364
FAM212A,0.9085978224870299
ACSL6,0.008587735636506721
MFSD9,1.1467804483800137e-10
SESTD1,6.508990648690371e-05
GPR27,0.009023438818080326
GLRB,0.005267286497447819
NIPAL2,0.8482444441392172
MYNN,2.070065541204258e-08
PDP1,3.256713547727941e-07
PSMC6,3.0082632674400445e-06
FASTKD1,7.237197507947712e-10
CDC37,8.237559280566131e-05
UBE2Z,1.6509514861305175e-08
OAS2,0.007609452352863144
RNF216,9.468707561843814e-05
THNSL1,4.218847493575595e-12
CD37,3.0020430585864233e-13
ABRACL,4.8571529021046445e-09
SLC9A3R2,3.375077994860476e-14
PVRL2,0.0024399375469918994
FRG1B,0.38817752503383396
PROSER1,0.8035269768960163
ANAPC11,8.970399534291573e-09
TCEA1,3.623269506647375e-08
CECR2,0.7961309923635564
AP5B1,0.001539555129280501
ATP6V0B,0.060783776768830296
GALK1,0.3673427625704484
SAC3D1,2.6343371928305714e-12
ZNF559,2.210226962994997e-05
YRDC,3.006746544187422e-06
RND2,1.206143563692308e-06
TRANK1,6.337863567296154e-11
TLCD1,8.237842195057965e-07
GGA2,1.192391962945294e-09
EPAS1,1.7763568394002505e-15
MEGF11,4.011462634423424e-05
VMAC,0.17907251355524156
ASB7,0.054216182330456775
NPIPB4,0.019067043399514816
MATR3,0.07082612042920822
XKR9,0.0002738644978439453
ZFHX3,0.00015581408102782746
DHRSX,0.6666519727454681
C6orf132,1.2965142769161275e-05
COG1,0.027545164283727885
SLX4,0.006325487527247375
CDIP1,7.546860913976161e-09
BVES,0.30905100446984335
MYADM,4.9604764740251994e-11
RGS18,3.552713678800501e-15
OFD1,0.587730636069065
TNIP1,1.757493883758343e-08
FTSJ2,5.318447904301138e-10
TMEM201,4.4941828036826337e-13
RAC1,1.2320606673826134e-05
NT5DC2,7.594232566631722e-08
B3GAT3,0.0004506016805585489
TRIM68,0.01330480151673541
DESI1,0.04832060289581619
TNFRSF1B,2.6343371928305714e-12
AASDHPPT,1.2841054282120012e-06
LRRC8D,6.616929226765933e-12
TNFRSF19,1.859966783257505e-06
RAB3IL1,0.49032624846387485
MAFF,4.8571529021046445e-09
CTDSPL2,4.633575533744181e-06
ARL5A,0.9880952525304272
CEP170,0.022974872408266123
STX4,0.00026668205784660925
TALDO1,8.934762975430268e-06
DOLPP1,4.9604764740251994e-11
RASA3,8.403119267086367e-08
ZNF814,0.7089524432753507
TMEM229B,1.2841054282120012e-06
GYLTL1B,7.638334409421077e-14
CORO2B,3.6770586575585185e-13
C16orf54,8.881784197001252e-15
CCDC87,1.0633089786438177e-06
RRAGA,4.0089227602437955e-09
SULT1B1,0.0014846473444478647
MRPS25,0.0004153236253312542
INPP5J,0.007380741603101981
CENPC,0.14874176207376877
COQ6,0.7376605378038441
GNG10,9.898605478397826e-06
SHQ1,0.00015581408102782746
ABCC10,0.0008766986740924103
PNPLA2,1.7763568394002505e-14
ST7L,0.7887529519630228
NAB2,0.07082612042920822
OVGP1,1.158324636207908e-08
SLCO2B1,1.256512710738659e-09
STAT5A,1.0206946399193839e-10
ZEB1,1.7763568394002505e-15
SPESP1,0.9085978224870299
MTMR9,3.006746544187422e-06
LSMD1,0.010726615055851924
ENGASE,0.7018365959451138
ELF2,0.0004714503266141541
EHF,0.0017779629774352657
PIANP,0.05060520369320898
BCL2L2-PABPN1,0.0032054206503495664
GJB3,3.552713678800501e-15
SLC39A14,4.268415494834699e-06
TAF3,6.403891610776942e-07
CHM,0.0009504084140701252
C8orf33,5.777334861556029e-07
